sample_id,P10145,Q07011,Q02763,P80098,P29965,P01583,Q9BZW8,P01133,Q15389,P13232,P49763,P05231,Q9Y653,P13500,O95727,O14625,Q99616,P50591,P09038,Q07325,P01732,Q16790,Q8WXI7,P00813,P01730,P29474,P60568,O00182,P35968,P25942,Q14116,P20718,P43629,P01137,P09341,O43557,O95760,O43508,P01127,Q15116,P48023,P10747,Q99731,P80075,P13236,P40933,P09382,Q9NZQ7,P26842,P42830,P05113,P14210,P12544,P09601,P78423,P02778,P32970,P22301,Q9NP84,P55773,P06127,P10147,P09237,P05089,O76036,P07585,O75509,P43489,"Q29983,Q29980",Q92583,O15123,P21246,P48061,P01579,Q9UQV4,Q14790,O75144,P39900,O43927,Q9BQ51,P15692,P05112,P18627,P42701,P35225,P78556,P01375,Q13241,P10144,Q01151,"P29459,P29460",P09603,Unnamed: 93,Unnamed: 94
R21043029,5.70996,6.09159,7.34064,1.21325,6.27686,-2.78854,5.80786,8.94415,8.19971,4.21566,7.23679,5.11304,1.5691,9.50148,5.67628,8.90423,7.94371,6.7259,2.98052,8.69893,8.67964,3.08419,-0.43995,4.75685,3.59288,2.66786,-0.12761,7.64584,7.31636,9.5296,8.30258,6.96161,0.52556,8.46963,9.84971,4.60358,0.3793,7.73505,10.10101,4.11146,5.36943,0.43644,8.98337,6.57089,5.66707,3.53495,6.67162,4.94765,8.28059,11.02947,0.16931,8.57683,6.84262,9.97727,6.05574,9.44014,3.18749,3.57706,3.28111,9.68258,5.0166,5.41883,6.94606,2.61134,3.00443,3.34778,7.19955,5.28745,0.80903,8.55959,5.50046,2.23009,0.95856,5.64028,4.78647,4.64586,5.0525,7.82043,8.67649,1.99224,8.03476,-0.06576,1.87745,1.41245,0.5048,9.02045,3.11719,5.73455,5.58544,2.56636,7.53077,9.85865,plate2_1362562385.csv,Pass
R21043031,4.58833,5.55981,7.26801,0.91438,6.15534,-2.94187,5.89687,8.57039,7.96583,4.34144,6.77827,1.02963,0.80257,10.10531,5.01411,8.51222,9.11672,7.14325,2.08524,7.4756,9.3256,2.56447,-0.35478,4.66516,2.91394,1.5935,-0.93369,7.55922,7.17225,9.27194,7.77932,4.23326,-0.1747,8.06762,8.75363,3.76099,0.38614,8.71295,9.83055,4.72502,5.83125,0.60749,8.61704,6.90376,6.36038,3.2785,6.65007,9.29457,7.78002,11.19052,-0.35407,7.5527,6.03476,10.27536,6.16779,9.34635,2.79083,2.53482,3.23653,8.99508,4.4887,5.67841,9.21133,2.53294,3.30171,3.10251,7.10519,5.29516,1.63245,8.51634,4.23788,1.74959,0.67909,5.35385,4.50769,4.84576,4.98375,6.38328,8.0563,1.55492,6.71007,0.10435,2.13706,1.14959,0.56337,6.17149,2.45316,5.46034,4.01586,2.71827,7.10535,8.92031,plate1_1362562541.csv,Pass
R21043033,8.012,5.30809,7.60848,2.86987,8.7446,-2.34668,6.48364,10.62841,9.39108,5.04597,7.03257,5.70082,1.49251,11.57487,5.66478,10.39542,9.15298,6.6544,4.36765,6.46592,8.0601,4.16011,2.28744,6.44848,3.21429,2.64861,-0.20766,7.50327,7.38116,10.53812,8.82242,5.78399,2.56779,9.86682,9.50777,6.27462,0.57809,7.86035,10.5035,3.67431,5.2046,0.54735,8.94434,7.11605,6.79909,4.04072,6.65663,6.08032,7.67782,11.94803,1.31448,9.60203,6.95627,10.62762,5.73751,9.46253,3.07442,3.61617,3.39732,10.41181,4.62777,6.01039,8.6153,1.93133,3.01399,2.76513,6.73474,5.48708,5.27692,8.8985,6.32473,4.01662,1.04754,4.83531,3.3142,5.17875,4.04187,8.83779,7.79442,1.69591,8.25304,0.55945,1.46215,1.43329,0.64641,9.16829,2.46513,6.20696,5.74939,1.94023,6.00596,9.69115,plate1_1362562541.csv,Pass
R21043035,7.8652,6.75182,7.23996,2.96679,8.87998,2.05571,7.0852,11.33516,10.12143,5.79497,7.70323,5.36592,3.8337,11.57377,6.00161,11.27359,9.89567,6.31773,4.43957,10.68272,9.62327,7.08079,2.96059,5.82444,4.47414,3.27247,0.17897,8.62394,7.37236,10.66601,9.48258,5.79626,0.9748,10.43338,10.35281,6.47789,0.78427,8.05097,10.30833,3.91885,4.88502,0.61686,10.74242,7.40095,7.40584,4.51654,7.06246,6.9066,8.56788,11.27176,0.43434,9.66978,6.86552,10.63658,6.22934,12.55839,3.95372,4.07493,4.01157,11.11471,4.9584,7.01047,10.31769,2.61674,3.0856,3.6695,7.148,6.25433,6.28039,10.64317,5.76991,3.0989,1.38235,6.05899,5.11183,6.12677,4.72106,9.7776,9.32762,2.31716,10.29828,0.50823,2.69747,2.2474,1.07157,10.88388,3.40709,6.47545,5.58264,2.57233,6.77072,9.79084,plate1_1362562541.csv,Pass
R21043037,4.69217,6.29241,6.94207,1.36992,5.64655,-2.62572,5.45393,7.37005,6.94131,3.02454,7.09835,2.46242,1.29498,10.93896,5.1115,8.02874,8.71727,7.55267,2.1953,8.41674,7.76362,3.68606,-0.11829,4.31106,3.36301,1.65163,-0.12554,7.55259,7.01795,9.19621,7.71353,5.00621,0.4395,7.55115,7.67413,3.69196,0.46874,8.18596,9.12966,2.94253,5.89427,0.49021,9.05176,7.01434,5.79761,3.6967,6.46317,4.47915,7.93019,9.35979,4.07013,8.24694,6.2985,10.23492,5.70691,10.38432,3.07622,2.92323,4.09353,9.43275,4.64561,5.49391,8.05859,3.45681,3.2174,3.54856,7.11314,4.83828,3.39664,9.33772,5.24123,3.08399,0.80373,4.39587,3.30248,3.9177,4.99755,7.76154,8.67946,1.74769,7.61507,0.16369,1.65742,1.35846,0.55952,6.94842,2.58028,5.16934,5.28083,2.70858,6.33247,9.40829,plate2_1362562385.csv,Pass
R21043039,6.95214,6.93276,7.28219,2.59579,7.94422,-1.45714,6.37259,10.26842,9.20391,5.51691,7.63851,4.06015,2.4437,11.10024,5.8513,9.55695,9.34781,7.3781,4.08845,9.12891,8.85988,5.18496,2.7083,4.89661,4.05389,2.4016,-0.31886,8.17771,7.51336,10.62128,8.9586,5.63889,1.40195,9.45852,10.32669,5.51566,0.43881,7.9192,10.5378,4.32042,5.82828,0.95171,9.65138,8.25467,7.62509,4.25826,7.09001,5.75911,8.10209,11.78922,0.2882,8.82469,6.86812,11.22298,5.9778,10.77434,3.6581,3.7294,4.38481,10.40958,4.72896,6.52837,10.34698,2.38035,3.63378,3.34752,7.38122,6.03803,1.05485,11.75387,5.53552,3.31364,1.26411,5.76782,5.46347,5.72861,4.99203,10.35688,8.85037,2.11597,9.50665,0.76406,2.00768,2.28432,0.41961,8.27209,3.36594,5.76304,4.93348,2.69971,7.41918,9.83031,plate1_1362562541.csv,Pass
R21043041,6.27533,5.5587,7.17565,1.42378,7.12796,-0.798,5.61554,9.26114,8.58865,4.09036,6.64705,3.00625,1.20426,10.88556,5.32288,9.45664,8.68244,7.23099,2.83551,7.09927,8.42103,3.38143,1.13178,4.54414,3.60887,2.24198,0.47775,7.90695,7.60935,9.4252,7.8265,6.36971,1.27638,8.99155,8.63102,4.39165,0.69955,8.28628,10.29128,3.31332,5.69025,0.55843,8.75989,6.85383,6.63782,3.48491,6.68449,4.6722,7.53738,11.0019,0.64637,8.59137,6.86395,10.12544,5.7,9.25642,2.73997,2.78816,3.1198,10.26009,4.48786,5.63489,7.56115,3.27473,2.95226,3.09764,6.732,5.1785,0.52841,10.18866,4.74914,1.29742,0.87884,5.5357,4.32053,5.24089,4.60715,6.98576,7.95123,1.67265,8.4303,0.28974,2.07625,1.83867,0.33244,7.02825,2.35325,5.4316,5.33178,2.40177,6.40538,9.44216,plate2_1362562385.csv,Pass
R21043043,4.92124,5.85638,7.13484,1.64043,4.7708,-1.90434,5.347,7.25978,7.33802,2.79413,6.60588,1.95013,2.07586,10.29306,5.2676,7.87596,8.27554,7.7022,0.77179,8.49939,8.3431,3.61785,1.53646,4.61051,2.97922,2.53579,0.27501,7.62918,7.36407,8.92656,8.97225,5.00341,2.66668,7.69059,7.83609,3.77314,0.63807,8.01079,9.27496,6.98913,5.32405,0.32533,9.57692,6.28803,5.92404,3.69722,6.28852,4.49041,7.64405,8.65528,0.59301,8.5009,6.16775,10.19877,5.77579,9.57482,2.78107,2.41109,3.2894,9.39047,4.87478,5.51427,8.14839,2.40977,2.68465,3.22975,7.37402,5.44846,4.00851,8.75117,5.26816,1.76299,0.41408,5.98217,5.35128,3.77992,4.57595,7.71833,8.04328,1.69666,7.40102,0.19762,2.12912,1.17822,0.78546,6.1985,2.66859,5.2942,4.2323,2.65621,6.97267,9.04507,plate2_1362562385.csv,Pass
R21043045,5.86101,5.60239,7.14587,1.61527,5.93844,-2.478,5.38395,8.29659,8.08989,3.37578,6.69527,3.14592,1.63893,10.11139,5.18536,8.20443,8.6622,7.18884,1.37922,7.83829,8.83347,4.10016,-0.04515,4.05755,3.01422,1.95917,-0.1196,7.34757,6.88311,9.04911,7.6931,5.22254,0.69788,8.33738,7.13005,4.22975,0.46472,8.00362,9.52723,2.6582,5.60854,0.45925,12.06445,6.89982,6.03775,3.19211,6.1085,4.64374,7.77912,10.4778,0.45322,8.54846,6.47316,9.83295,5.33675,9.58891,2.94589,3.31427,3.34312,10.03562,4.69225,6.83578,9.68084,2.30774,3.14371,3.43343,6.74357,4.84552,3.61532,8.96287,4.93126,2.55796,0.73523,5.89365,4.34556,3.61865,4.68906,7.61652,8.40237,1.3474,7.76729,1.521,1.61311,1.15074,-0.47459,8.51925,2.54766,5.8389,5.0239,2.146,6.36318,9.3396,plate1_1362562541.csv,Pass
R21043047,6.58198,6.61117,7.90215,3.22852,5.68276,-2.27925,5.96532,8.42646,7.62943,3.19877,8.01685,3.73085,1.28493,11.31249,5.96484,9.22175,8.40827,7.57125,2.68053,7.60314,8.84955,3.30545,1.99019,4.77695,3.58724,2.43847,0.11941,8.41787,7.54581,9.42725,8.31881,5.91579,1.76478,8.45593,8.14289,4.96081,0.66995,8.06217,9.65855,7.06002,4.83826,0.70869,10.35611,7.90705,6.32192,4.11441,6.66066,5.2083,8.02475,9.0352,0.64282,8.66277,6.99352,9.7688,6.19543,10.52896,4.04613,3.90668,3.52972,10.16709,4.68981,5.94492,9.08133,4.41012,3.41584,3.61202,7.38201,5.82224,4.8455,10.39319,6.69727,2.21319,1.07737,6.24303,5.44925,4.36966,4.91623,9.34738,8.63869,1.83204,8.1288,-0.44262,2.69934,2.02557,1.47727,8.00227,3.29796,6.2478,6.38599,2.94478,7.91226,9.81268,plate1_1362562541.csv,Pass
R21043049,5.27222,6.16833,6.89846,1.9257,6.41726,-2.60486,6.06477,8.24981,8.18246,3.92686,7.32606,1.91309,2.71943,10.68086,5.79836,8.6688,9.60306,7.07504,2.59895,7.93794,9.64888,3.35278,-0.4385,4.55696,3.49502,1.67931,0.19762,7.88728,7.08784,9.57156,9.62595,5.74198,0.90206,8.35576,9.2434,4.01146,0.48272,8.37179,9.91168,4.87827,5.82103,0.7374,7.92396,6.89288,5.95886,3.85667,6.65438,8.73717,8.35412,10.49876,0.32899,8.73681,6.72663,10.98034,6.20015,9.71598,3.15366,2.31701,4.33569,9.48237,5.09756,5.87819,9.21793,3.7378,3.2429,3.63215,7.40154,5.37275,4.15277,9.54388,4.98117,3.50397,0.69892,5.45221,5.83399,5.63288,5.42726,7.08417,7.59019,2.19613,7.22298,-0.08699,2.31801,1.29608,-0.32058,6.96299,2.5689,6.22253,4.78269,2.66443,7.02386,9.16282,plate1_1362562541.csv,Pass
R21043051,7.8034,5.01326,7.65766,2.62124,7.72349,2.15303,5.29166,10.02665,10.21107,4.6511,6.81887,3.8757,1.34104,12.03439,4.81656,8.06701,9.66463,6.39693,1.737,8.45287,8.08857,3.66233,0.74133,4.52424,3.04992,1.62339,-0.07696,7.58212,7.46886,9.09558,7.7262,4.44948,0.45583,8.89782,8.87638,5.91798,0.48472,8.12482,10.4773,3.4882,5.17886,0.21514,8.44368,8.2607,7.06593,4.50519,6.4286,8.77521,7.04337,9.77885,-0.17306,9.79964,5.90596,10.28751,6.33939,9.88565,2.35806,2.84884,3.92725,10.54767,4.98097,5.49145,9.7271,4.34343,2.49166,3.27708,6.96606,4.51071,0.96008,9.70911,4.9876,1.52439,0.98051,4.2126,4.96173,4.86018,4.31866,9.70767,8.10478,1.75593,8.17269,0.39485,1.40228,1.26664,-0.31397,8.61844,1.864,5.22684,4.38526,1.68952,4.20313,9.31518,plate1_1362562541.csv,Pass
R21043053,5.61591,6.45771,7.14594,2.85536,7.57744,0.58456,6.38961,9.74357,8.82462,4.61926,7.50089,1.37582,1.57897,10.44939,5.58611,8.75219,9.34691,7.51908,3.43508,8.24062,8.5437,4.98779,1.76185,5.08887,3.25565,2.14593,-0.09456,8.11195,7.49641,9.99508,8.96588,6.81171,2.1792,8.48913,9.49492,5.01541,0.53817,8.47859,10.39462,3.67079,5.96762,0.73283,8.97331,7.9447,7.06983,4.01771,6.97079,5.41715,7.83044,11.60284,0.56705,8.79885,6.99509,10.42605,6.55245,10.39779,3.12363,2.84085,3.61049,9.26706,5.01737,6.342,9.43019,2.84619,3.56881,3.46749,7.56052,6.05211,5.034,10.97046,4.66034,3.00414,0.90733,5.93876,5.74946,4.92118,5.01651,7.1731,8.40095,2.14683,7.73594,0.2937,2.26359,1.63229,0.45767,6.69947,2.75104,5.67812,6.8647,3.03783,7.18027,9.45613,plate2_1362562385.csv,Pass
R21043055,4.79724,5.43208,7.10799,2.44148,6.48378,-2.45873,5.52609,9.53937,8.17122,4.21589,6.6344,1.46046,1.16944,10.38995,5.08231,9.0372,9.89709,7.35142,2.76137,8.02859,8.64109,4.27065,1.45361,4.38029,3.17848,2.16156,0.14245,7.29683,7.48631,8.80362,8.36064,4.82664,2.46186,8.19631,8.86997,4.09098,0.79417,8.40764,10.05672,5.48322,5.67166,0.60636,8.3713,8.23806,7.70745,10.5689,7.21615,9.14761,10.20191,11.17745,9.81721,7.62744,5.95,10.46201,8.02755,8.51923,6.19917,7.14302,6.12452,5.92375,7.9054,6.01621,8.38391,3.72372,8.17499,7.44152,3.16997,8.45904,7.24605,5.58026,7.20707,6.15193,5.42967,9.99186,5.26919,7.58132,5.88052,5.67902,8.20869,4.70851,7.37567,9.83715,7.30953,5.4317,9.743,6.74302,5.20396,4.83531,6.09211,6.519,6.38399,6.11181,plate2_1362562385.csv,Pass
R21043057,5.19198,5.73688,6.97924,1.2317,5.92575,-2.58184,5.72857,8.28006,8.08156,3.72639,7.22005,2.69541,0.95842,10.51528,4.64516,8.79878,8.59165,7.6921,2.31251,7.81925,8.69394,5.05936,0.114,4.5426,3.26487,1.73579,-0.16553,7.99901,7.40875,9.50842,8.18392,5.11607,1.05739,8.21654,8.74013,4.01915,0.45192,8.33766,9.47048,2.46944,5.8541,0.56021,9.13153,6.55552,6.1072,4.00434,6.64478,4.74438,7.37859,10.23269,0.58733,8.6681,6.36957,10.33841,5.89607,10.03254,2.61481,2.91747,3.98382,9.97825,4.55186,5.68796,10.28913,3.05652,3.2406,3.3297,7.03326,5.29162,3.25049,8.80442,4.48193,2.15921,0.7073,6.35209,4.42996,3.67725,4.98897,6.91833,8.28111,1.64969,7.81446,-0.29011,2.04476,1.18064,0.22138,6.56872,2.77061,5.9757,5.11024,2.29281,7.56265,9.57222,plate2_1362562385.csv,Pass
R21043059,4.63215,5.69696,7.05465,0.89364,5.87083,-2.0659,5.48739,8.55884,7.94891,3.72807,7.88301,2.69182,1.48764,10.16588,5.33415,8.12494,7.3439,7.52861,2.42635,6.95361,6.42711,4.00904,0.70518,5.31651,3.16435,1.32067,0.00275,7.82831,7.51128,9.16681,8.2395,5.02509,0.2333,8.2207,8.73173,3.91133,0.44543,8.23224,9.20852,3.98549,4.33591,0.3675,7.85295,6.54111,6.49585,3.52695,6.95235,8.96576,7.23338,8.93519,0.55636,7.72382,5.67984,10.91196,6.37602,9.53773,3.17284,2.59253,2.88464,8.36187,4.34849,5.88661,9.70225,2.00179,3.63136,3.50065,7.55578,5.99176,3.39195,9.12763,4.75026,3.41607,0.80832,6.4873,6.01485,4.35312,5.33958,7.19842,6.85109,1.86119,7.95258,0.02553,1.92311,1.44668,0.58678,5.6479,2.50351,5.94156,4.63678,2.89013,6.57509,9.47264,plate1_1362562541.csv,Pass
R21043061,5.07865,5.56539,7.17292,1.69266,7.00787,-2.6577,6.21132,9.72106,9.23519,4.8867,6.74532,5.08803,2.33158,10.37526,4.87802,8.91266,8.70596,7.54004,3.01866,7.58862,7.88558,3.39788,0.84143,4.24394,3.34378,1.87765,0.24934,7.69141,7.32835,9.66215,7.89776,4.73774,1.5406,8.82929,9.49781,4.65427,0.60438,8.33886,10.22181,5.17076,5.29572,0.35642,8.33662,7.4653,6.15114,3.49655,6.86308,4.66918,7.05808,10.88434,1.56317,7.96183,5.62963,10.16125,6.23713,9.6157,2.9741,2.13304,3.69612,9.84985,4.6317,5.22704,10.10002,1.06158,3.10941,3.39798,7.233,4.89376,0.42796,10.80845,5.38829,2.67186,1.05968,5.22519,5.20826,4.57175,4.73837,7.82866,7.80296,1.63178,7.63504,-0.17226,2.10544,0.98862,0.67313,6.81027,2.45935,5.85647,4.68658,2.70868,6.98519,9.16017,plate1_1362562541.csv,Pass
R21043063,6.70876,6.1095,8.08448,2.53659,6.21617,-0.95594,5.64162,8.60496,8.67035,4.64033,7.24023,4.84659,1.8456,11.4234,5.2468,9.07289,9.45078,6.96083,2.9198,8.59765,9.90722,3.82352,1.86169,4.88511,3.76926,2.77673,-0.33293,7.92295,7.4548,9.59386,8.03683,5.17001,0.77995,8.12876,8.47836,5.04805,0.74361,7.85358,10.21714,3.13507,5.2397,0.67391,9.60869,8.18351,7.55429,4.11162,6.48653,5.38712,7.817,10.75625,0.14779,9.12528,6.04548,11.39188,6.93221,10.71253,3.04823,3.09181,3.88434,10.53039,4.32358,6.61278,10.32568,4.32268,3.83447,3.59322,7.36353,5.46556,5.19623,8.8982,5.70536,2.0953,1.22164,6.14056,5.73891,4.52046,4.61398,7.76154,8.79534,1.99959,7.53218,0.74421,1.96655,1.43835,1.02656,11.81494,2.89821,5.5,4.31524,2.47652,6.64727,9.83384,plate1_1362562541.csv,Pass
R21043065,6.73203,6.68153,7.65122,1.70923,7.5535,-2.10287,6.60657,9.89457,9.27286,4.78021,7.3084,4.56829,1.40571,11.77324,6.95396,9.72786,9.86224,7.36296,3.02724,8.95034,9.05929,4.05602,1.93163,4.81816,3.66067,2.21521,0.4069,7.9109,7.4584,10.09166,8.55533,5.75137,3.10807,9.03756,9.56415,5.38119,0.61549,8.28667,10.38918,6.19583,5.75759,0.66515,10.53013,7.95429,6.97357,4.06038,6.87869,5.36809,8.10818,11.31154,2.6186,8.48233,7.32877,10.56874,6.55101,11.47904,3.14537,3.99934,3.85541,10.1271,5.29315,6.23999,10.21061,3.10178,3.5041,3.59153,7.14503,5.65963,0.8689,9.88,5.37562,2.53913,1.14076,5.77649,4.24935,5.04533,5.45885,7.59663,9.24434,1.81081,8.96783,0.11378,2.68193,2.31358,0.20585,9.51546,3.58902,6.30826,5.67962,2.70134,6.61733,9.69705,plate1_1362562541.csv,Pass
R21043067,4.97507,5.15231,7.13079,1.25367,6.64575,-2.23451,5.65581,9.17556,8.44771,3.75238,6.9056,3.47651,1.31614,10.59609,6.03744,9.2445,8.93097,7.05082,2.52312,8.19031,8.44463,4.76022,1.64707,4.35495,2.94377,1.6988,0.2002,7.25766,6.77949,9.65391,7.87699,5.24149,0.71488,9.11416,7.40831,4.43192,0.55406,8.26268,9.98512,5.51962,5.97818,0.70015,7.87383,7.24232,5.97863,3.97711,6.62213,4.60864,7.46077,10.32346,0.97927,7.85841,6.58589,10.55011,5.97997,9.49878,2.92124,3.04543,3.75156,9.72602,4.88669,5.35347,8.8374,1.77648,3.36918,3.42905,7.02782,5.10137,0.72741,9.29434,5.27274,2.96599,0.85966,6.16908,5.44084,3.97874,5.04291,6.93601,7.7453,1.91571,8.12633,0.73025,1.92035,1.3158,0.85369,6.97154,2.93247,5.63499,5.08323,2.54347,7.35278,9.58938,plate1_1362562541.csv,Pass
R21043069,7.69879,6.16516,7.37695,3.57489,8.84238,-2.41629,6.35802,10.15245,9.1461,5.41528,7.39615,6.39366,1.53492,11.32931,5.65601,11.02864,9.11632,6.3739,4.94057,9.17974,7.78343,5.31468,1.99303,5.69756,3.87641,2.9281,0.0265,7.755,7.57829,10.67025,9.85223,7.00297,0.23731,9.92314,9.90834,5.76051,0.75868,7.94159,10.49984,5.27306,4.61046,0.63759,9.28679,7.4823,7.42775,4.34198,6.96334,6.29549,7.66261,12.32424,0.68892,9.97102,7.13764,10.61649,5.17556,12.93413,4.218,3.68973,3.81726,10.44966,4.47095,6.79926,8.66942,2.39892,2.80865,3.35345,6.80948,5.45684,5.60941,10.40757,5.6181,3.16595,1.1776,8.32411,5.57167,5.62428,4.8075,10.43585,10.29584,1.64738,7.72847,0.50435,2.14536,1.81702,0.74099,10.47738,2.97367,6.27919,7.10238,2.67774,6.94347,9.76494,plate2_1362562385.csv,Pass
R21043071,6.41061,6.66176,7.51731,4.23444,6.56092,2.0742,6.59495,8.69868,8.17442,3.91117,6.89952,3.51896,1.98172,11.21082,5.25117,9.49965,9.07476,7.7407,2.63185,10.84871,8.96003,3.96579,4.06186,4.70734,3.37461,2.40884,-0.21655,7.78257,7.47776,10.09886,8.47385,5.47131,2.46661,8.38215,8.75181,4.65418,0.4318,8.3463,9.9169,5.52662,5.76782,0.58607,9.71961,8.17898,6.35225,3.90754,6.79746,5.50925,7.808,11.59825,0.38195,8.92637,6.56415,9.96545,6.67052,12.35409,3.3841,3.07988,4.141,10.32312,4.76162,6.18654,9.12473,2.72353,3.49902,3.33704,7.57395,5.95419,4.32381,8.9363,5.44509,4.18247,1.112,6.69881,5.14521,4.88344,4.89656,9.52512,9.62221,1.94286,8.05582,0.31566,2.50739,1.79004,0.93706,8.17603,3.90655,5.36197,5.52353,2.74383,8.4953,9.62929,plate1_1362562541.csv,Pass
R21043073,4.93744,6.11739,7.26424,1.42449,6.64527,-2.66813,5.95541,8.81353,7.98755,3.87009,7.13297,2.14812,1.14685,10.82493,5.30108,9.33798,9.58051,7.92545,2.64581,7.99296,8.72205,3.78313,1.44095,4.40866,3.42326,2.02052,-0.58356,7.59382,7.43275,9.99888,7.86306,5.21379,0.41415,8.46129,8.82178,3.98702,0.46053,8.36531,9.65624,5.48605,5.55746,0.88312,8.90318,7.72467,6.83135,3.48336,6.78344,5.26214,7.77582,10.08078,1.26481,8.25042,6.56456,10.47989,6.32004,10.44925,3.04287,3.57856,3.47876,10.33182,4.7725,5.80638,5.58004,0.87139,3.30497,3.32508,7.07231,5.78598,3.89952,11.70796,5.35699,2.38286,0.73487,6.42883,4.61315,4.26007,4.99241,6.92655,8.33282,1.55257,7.70623,0.07242,2.06778,2.08145,0.93681,8.57514,2.77045,6.34797,5.07601,2.65036,7.96504,9.46724,plate1_1362562541.csv,Pass
R21043075,5.09029,6.17729,7.23174,2.69248,8.37898,-2.82462,6.49939,9.78204,9.10407,5.31843,7.08441,1.95172,0.97067,11.32443,5.07337,10.24252,9.82988,7.93894,3.9142,9.99345,8.80033,3.10623,2.27629,4.58677,3.6769,1.52797,0.18348,7.956,7.73252,9.92382,7.7684,4.8012,1.05548,9.05187,9.73144,4.94944,0.40726,8.56411,10.57889,3.2399,6.56552,0.37484,8.65978,8.38925,6.89424,3.88238,7.10999,5.16083,7.70381,11.91157,0.84087,8.28891,6.45185,10.02677,6.13221,12.69353,2.81431,3.18881,3.45238,10.37111,4.38327,5.96293,7.37178,2.53715,3.26761,3.09925,6.96106,5.10157,3.62557,10.502,5.72138,2.58472,1.0626,6.12644,4.28153,5.45409,4.69574,7.31361,8.96008,1.14534,8.18372,-0.25204,1.98767,1.65706,-0.73386,6.52141,2.86324,5.44347,5.32089,2.14809,6.58825,9.28951,plate1_1362562541.csv,Pass
R21043077,6.26669,5.43183,7.21395,2.39038,7.44929,-3.32388,5.48146,9.57335,9.11437,4.65968,6.87322,2.34999,1.18296,10.71372,5.68245,9.33851,10.28639,7.54067,3.02806,9.14307,8.05969,3.99939,0.5531,4.70348,3.19075,1.71107,-0.26009,7.35552,7.26221,9.44378,8.0284,6.58272,1.43201,9.14697,9.12853,3.91242,0.40413,8.4821,10.18062,6.43633,5.8272,0.44905,7.79356,6.48576,6.18237,3.82241,6.76112,4.57998,7.74637,11.86775,0.44964,8.15947,6.96795,10.59967,6.09325,10.73505,3.49913,2.98013,3.80975,9.62303,4.63165,5.28336,9.99709,2.28387,2.64127,3.36121,7.05105,5.1785,3.81845,11.20408,5.15148,4.83973,1.2238,6.31803,4.52623,4.90865,5.29512,10.35508,8.27837,1.98801,7.5595,0.22224,2.04585,1.21619,0.05918,7.65473,2.65923,5.6741,6.64315,2.23668,6.42159,9.19878,plate1_1362562541.csv,Pass
R21043079,5.39054,5.9048,7.03553,1.5958,6.16337,-1.78043,6.59739,8.54117,7.46557,3.81131,6.58721,1.4045,1.57211,10.74753,6.17317,8.86642,8.92223,7.35066,1.65918,7.90031,9.03229,3.87004,0.09441,4.75001,3.60585,1.80687,0.20845,7.87126,7.33384,9.40399,8.18392,5.0344,1.05471,8.14109,8.45861,3.81734,0.57631,8.24169,9.60749,3.60893,6.28358,0.67168,9.17955,7.22909,6.71253,3.00316,6.67475,4.53984,7.76599,10.55623,0.33456,8.1354,6.88481,10.63846,5.97434,9.85183,3.54975,2.75976,3.31083,9.35385,5.21931,5.54704,8.26624,3.97346,3.1664,3.32277,7.09364,5.15081,0.88028,9.08712,4.73111,2.46866,0.60712,5.53902,3.99607,4.7711,5.32672,5.6745,7.81498,1.70594,7.16175,0.01074,2.41648,1.60383,1.0241,6.27157,2.49236,6.24713,4.3912,2.90734,7.09824,8.97938,plate1_1362562541.csv,Pass
R21043081,5.11365,6.14865,6.98243,1.88835,6.71482,-2.22725,5.70063,9.12815,7.8156,4.42473,7.10716,3.24846,1.23308,10.37007,5.1751,9.60744,8.3518,7.53262,2.93802,8.02738,8.7368,3.11416,2.22605,4.67863,3.71419,1.75877,0.41576,7.82434,7.42545,9.03063,7.85988,5.49558,1.91749,8.48547,9.25968,4.08214,0.59289,8.37857,10.28966,3.11057,6.00373,0.4194,8.62695,7.5673,6.21057,3.34284,6.41608,4.40069,7.93638,11.04531,0.61468,8.30361,6.91036,10.79544,6.03039,9.72569,2.69224,2.5915,3.12093,9.77838,4.95605,6.06907,8.24078,2.51832,3.08294,2.85004,7.03768,5.25006,0.74221,8.97005,5.40021,3.07518,0.72334,7.47798,4.00632,4.46161,4.71718,8.32902,8.63923,1.9206,8.17359,0.17845,2.111,1.54405,0.70487,7.02748,2.48546,5.94622,4.74704,2.73579,7.91845,9.47416,plate2_1362562385.csv,Pass
R21043083,8.03804,5.59781,7.29658,2.9068,7.65506,0.39962,5.90139,9.88018,8.80798,5.05948,7.48954,4.82734,1.45892,10.677,4.95915,9.08254,9.1331,6.08889,3.998,8.63184,9.16929,3.80934,3.02245,5.58219,3.90135,2.21285,-0.36377,7.56826,7.18823,9.8725,8.73982,5.19996,1.34845,8.85789,9.15996,5.50065,0.49692,7.82662,10.33814,3.91745,4.85307,0.40697,10.40924,7.06241,6.28697,4.42933,6.7452,5.22969,7.62218,11.44542,0.48593,8.72361,6.47042,10.18766,6.20783,10.27843,3.00216,3.28703,3.50967,10.681,4.1932,5.97649,9.7457,2.39318,3.40921,2.85968,6.89749,5.16542,4.94686,9.69825,5.04181,1.99584,0.99264,5.25706,4.21162,4.40831,4.54393,10.35814,8.72482,1.74654,8.8175,0.9335,2.29974,1.81226,0.17294,8.1216,2.37926,5.73317,4.45425,2.37689,6.9702,9.6866,plate2_1362562385.csv,Pass
R21043085,5.17439,5.44966,7.0872,2.77775,7.03516,-1.90461,6.00354,9.02749,8.98904,4.13404,7.27497,3.16429,1.22789,10.44419,5.16331,8.7857,9.85537,7.2318,2.99244,8.47001,8.38656,4.38662,3.14071,5.05735,3.26691,1.95054,-0.39985,7.87657,7.05189,9.44418,8.14741,4.38404,0.80301,9.03165,8.38757,5.03624,0.64209,8.34616,10.20296,7.28796,4.58431,0.56597,9.72818,7.74063,6.62126,4.24307,6.7501,4.6493,6.8648,9.40327,-0.02205,8.78258,5.32412,11.09183,6.69807,10.26585,4.40718,2.81944,4.18753,10.57542,4.43953,6.07529,8.99706,4.95168,3.2959,3.63939,7.40744,5.00233,4.01914,10.85588,5.59585,3.56912,0.94631,5.57632,4.38425,5.9289,4.83994,8.74798,8.37015,1.95279,8.27682,0.52507,1.81062,1.17685,-0.03607,7.72721,2.78471,5.47692,4.24467,2.2653,6.65338,9.49038,plate2_1362562385.csv,Pass
R21043087,5.97721,6.44283,6.94458,5.14404,5.60755,-1.7364,5.63061,7.80313,7.94448,4.50861,6.87321,3.54848,1.96625,10.44185,5.73937,8.24281,8.78716,7.70697,2.03868,10.01848,8.50117,3.561,3.65199,4.41962,3.30969,2.17415,-0.05055,7.61523,7.34755,9.61365,7.81365,5.43754,0.69878,7.80811,8.628,3.90357,0.61018,8.3752,9.4175,5.32673,6.27346,2.94256,9.57119,7.02674,6.15751,3.88068,6.33554,4.76609,7.97849,9.76015,0.97548,8.5965,6.64579,10.69816,5.91635,11.18452,3.56031,3.60191,3.48878,9.65944,4.64923,5.81493,9.44102,3.98614,3.75066,3.33533,7.02716,5.70272,5.4193,9.63046,5.7685,2.14859,0.75053,6.45467,5.71963,4.34861,4.80696,8.20591,9.31455,2.0971,7.53788,0.14183,2.1621,1.74528,0.50627,6.80675,2.4435,6.33022,6.30923,2.59826,7.08105,9.60911,plate1_1362562541.csv,Pass
R21043089,6.11009,6.05835,7.19388,2.42021,7.75233,0.40471,6.38041,10.09184,9.32641,5.00843,6.60173,2.17877,1.10423,10.71869,4.48945,8.96823,9.66942,7.59122,1.16179,8.46114,8.40443,4.09939,0.96705,4.88335,3.10908,2.0673,0.30263,7.74441,7.56876,9.67012,7.90419,4.84481,0.80312,9.6526,10.17335,5.14838,0.7714,8.28,10.50985,6.84219,6.11581,0.79784,9.39085,8.58095,7.22969,3.66911,6.73651,5.01022,6.64547,11.68095,0.67191,8.69836,6.37085,10.05087,5.92035,10.75472,2.69563,2.37007,3.79343,9.1307,4.37347,6.20011,9.80725,3.44787,3.07311,3.02679,6.90317,5.21101,0.89661,10.59229,4.84977,2.89857,1.25057,6.40236,3.91833,6.12503,4.87347,8.45013,8.47853,1.64619,7.5322,0.71152,2.08416,1.42149,1.10515,6.97209,2.58259,5.68134,5.0476,2.30624,5.65158,9.27345,plate1_1362562541.csv,Pass
R21043091,5.42535,5.34718,6.88265,1.37613,6.96111,-2.65598,5.69519,9.05865,8.58548,4.0726,6.68076,3.2856,1.06324,10.14312,4.14389,8.85062,7.76845,7.21834,3.01872,7.6192,8.1492,4.34873,1.88259,4.21942,3.33463,2.12021,0.15499,7.72667,7.54207,9.54366,8.2205,4.49556,0.78099,8.68441,8.54705,5.08226,0.45116,7.72916,9.95817,3.30897,4.01275,0.51367,7.52529,5.08975,6.00274,4.3302,6.69373,4.78937,7.35774,9.52214,0.40703,9.01558,5.86707,9.88513,5.64846,9.07899,2.61041,2.69404,2.93157,9.97849,3.97224,5.67997,8.91852,2.06331,2.58785,3.06766,6.6447,4.84802,4.9219,8.59398,5.0951,2.00156,0.88495,6.78559,5.41368,5.09912,4.43531,8.73297,7.98197,1.84542,8.11269,0.3258,1.53311,1.37523,0.79334,8.6105,2.4424,5.00773,4.15556,2.1561,5.93832,9.72895,plate2_1362562385.csv,Pass
R21043093,3.95033,5.596,7.30585,0.93495,2.59945,-2.94601,5.7034,4.94429,6.82116,1.87923,7.04482,1.52242,1.33739,10.76353,5.01062,7.08074,8.33537,8.0391,0.10484,7.19453,8.80855,4.48729,-0.13169,3.18106,3.4744,1.84532,-0.62091,7.67376,7.28509,8.74111,8.26909,4.57974,1.15135,7.68782,5.2319,2.92736,0.38947,8.23134,7.94136,3.9178,4.40077,0.50438,7.98085,7.0275,5.9178,3.73714,6.17078,4.51788,7.44776,5.58911,0.62467,8.74177,6.06997,9.97347,6.36708,8.38671,2.8773,2.29062,3.45309,9.24273,4.50304,4.88517,8.98946,3.95974,2.65058,4.13135,7.23753,5.57014,3.51297,6.7614,5.00994,2.06033,0.76895,4.92003,3.96832,3.63419,4.76679,6.28683,7.84851,1.73338,7.32935,0.19493,1.8244,1.21286,0.5075,7.91957,2.14667,5.49328,4.12545,2.24581,6.59581,9.36632,plate1_1362562541.csv,Pass
R21043095,5.02058,6.30089,7.21692,1.44883,6.70483,-2.691,6.42857,8.78268,8.8416,4.57508,7.41932,2.70559,1.33739,11.62017,5.94571,9.00181,9.00751,7.67568,3.45101,8.8031,7.7936,4.40334,2.27203,4.51964,3.37736,2.74671,-0.30997,8.18838,7.5976,9.6956,8.78009,5.88011,0.98101,8.54483,8.82029,4.34355,0.42864,8.23985,9.99403,3.83231,5.54017,0.5452,9.24914,6.60155,6.85184,4.00959,6.81758,5.50055,8.50726,10.64717,0.03957,8.13288,6.33223,11.6103,6.78161,11.40646,3.70176,3.36369,3.86025,9.88351,4.66661,6.58832,9.73807,2.37001,3.85186,3.02236,7.35552,6.50941,4.62723,8.9767,6.37757,1.93031,0.36254,6.49239,4.96253,4.9145,5.19434,7.61862,11.09175,2.1686,7.96226,0.36414,1.84292,1.69147,-0.30406,8.38564,3.14407,6.72701,4.64945,2.78682,6.18999,9.3593,plate2_1362562385.csv,Pass
R21043097,6.48523,6.37025,7.42753,4.09132,8.59239,-2.59786,6.42103,10.19041,9.58795,5.20503,7.29217,3.84838,1.19901,11.19502,4.87024,9.62947,9.80796,7.43314,3.82973,10.535,9.37432,3.93083,1.74455,5.31733,3.4925,2.76065,-0.18627,7.80449,7.85573,10.38476,8.31082,5.33362,1.14947,9.74363,10.12246,5.48268,0.6893,8.2645,10.52331,5.02647,6.12636,0.77324,9.69489,8.92671,6.55447,3.76766,7.00436,5.58589,7.43613,11.33053,0.50805,8.61894,6.5215,9.83876,6.3405,11.79423,2.80798,3.40063,3.68126,10.12384,4.92582,6.36145,9.99851,3.30329,3.41812,3.0879,7.3607,6.25497,5.09413,11.35072,6.05604,3.70401,1.05167,7.46126,5.769,5.10801,4.97526,11.46101,9.73019,1.80959,8.33447,0.67051,2.24129,1.83452,0.72952,6.85442,3.09329,5.29654,6.58305,2.58075,7.64116,9.68679,plate1_1362562541.csv,Pass
R21043099,5.60409,5.8945,6.886,2.233,8.28625,-2.47519,6.34105,9.49714,8.56573,4.63941,7.14656,2.09254,1.17125,10.71869,4.74013,9.09321,10.49355,7.68865,3.7508,7.66094,7.04795,3.9812,0.84035,4.99742,3.51681,2.12729,0.04817,7.74037,7.24453,9.9569,8.59751,5.30262,2.13758,9.22847,9.86038,4.12431,0.71511,8.37554,10.25877,4.8002,5.33175,0.54496,10.38622,7.52325,6.72703,4.0048,6.86946,5.02956,7.59331,11.61113,0.81672,8.21197,6.02033,10.86571,5.89486,9.40885,3.15322,2.89047,3.97611,9.59628,4.52513,5.76943,8.77985,2.18561,2.89731,3.34832,7.20585,5.25345,3.01636,11.49156,5.5428,3.40691,1.22711,5.7462,5.5296,6.05487,5.01525,8.76349,7.9411,1.68485,8.98865,0.08327,1.71099,1.20036,0.86286,5.63785,2.40464,5.27612,5.77909,2.85116,6.30756,9.15799,plate2_1362562385.csv,Pass
R21043101,7.4082,6.07811,7.33288,3.43962,7.86149,-1.24635,5.76277,10.10122,9.32015,4.76484,7.14888,4.83074,2.14305,11.95704,4.67833,10.07235,9.44526,6.86605,2.82429,8.38224,8.87091,4.3354,2.86739,5.35681,3.29713,3.35446,-0.51797,8.17897,7.3951,10.03032,8.56525,5.71027,1.74167,9.59762,9.44504,5.64732,0.5051,7.73529,10.43827,3.84132,5.67886,0.70022,8.95445,8.29749,6.69853,4.53988,6.36137,5.5322,7.64354,10.69951,0.76921,9.32204,6.47844,10.81101,6.10283,10.96137,2.38865,4.35295,4.1243,10.1454,4.75648,8.32955,9.51358,3.55438,2.93667,3.45883,7.06568,5.14885,5.22357,8.10536,6.16026,3.53771,1.25305,6.45438,5.06275,5.15569,4.67537,10.02597,8.27255,1.80973,9.10839,0.0986,2.24994,1.64709,0.60187,7.73378,2.70229,5.80683,6.58915,3.01624,6.05476,9.66455,plate1_1362562541.csv,Pass
R21043103,5.72561,5.88367,7.28654,2.0444,7.1249,-2.4758,4.98431,8.6143,7.94651,3.66442,7.048,3.82727,1.29201,10.35225,4.57245,10.90955,8.04766,7.08953,2.71876,8.57554,7.7917,4.11492,2.00236,4.37641,3.39506,2.34955,0.3732,7.53053,7.33101,9.46826,7.6418,5.55322,1.30035,8.50357,7.91347,5.64548,0.5384,7.85822,9.49165,4.4602,5.32187,0.49323,11.40343,7.66249,6.90136,3.81114,6.55134,4.70706,7.45403,8.85521,2.5685,8.9561,6.60402,10.40628,5.73676,10.0977,3.24734,3.37761,3.35566,10.29694,4.17362,6.03175,9.0459,2.49757,2.69127,3.22484,6.69183,4.77904,5.10885,8.45278,8.01397,2.46815,0.69575,6.34917,3.89309,4.12738,4.76009,9.91182,8.72279,1.98171,8.12089,0.34545,1.55412,1.37924,0.75622,8.32615,2.49715,5.41203,4.63428,1.8186,6.63575,9.59895,plate1_1362562541.csv,Pass
R21043105,5.89459,6.91662,7.13586,1.90008,6.87807,-2.66004,5.9513,9.0083,8.23263,4.58428,7.3889,2.7078,1.29516,11.04055,4.83507,9.97901,8.7175,7.76631,2.86212,10.4526,9.33705,3.96606,3.60145,4.5456,3.93609,2.54116,-0.16254,8.23274,7.62946,9.82828,8.48715,5.37476,0.58852,9.14777,9.17328,4.39879,0.71289,8.29295,10.2781,7.3608,6.21886,0.72356,10.57157,8.39192,7.50278,3.95762,6.50212,5.30487,8.40377,11.59474,0.73809,8.21828,7.13353,10.49477,6.59422,12.04828,3.6591,4.40972,3.76766,10.72119,4.70141,7.06134,10.39528,2.22675,4.35219,3.31351,7.53288,5.9985,0.02266,9.69935,5.51643,1.69522,0.56949,9.03269,5.26993,4.73525,5.65262,6.19895,9.7888,2.29299,7.60886,-0.0158,2.32684,2.14411,0.81001,6.06193,4.00659,5.98295,5.54095,2.89929,8.12403,9.64109,plate2_1362562385.csv,Pass
R21043107,6.24751,5.87805,7.45987,2.85252,7.79306,-2.26242,6.29832,10.04911,9.1259,4.77429,7.048,3.14111,1.33849,10.88064,6.28537,10.10084,9.20406,7.50249,4.13837,7.62225,9.7003,2.77911,0.10199,4.60068,3.67112,1.93178,-0.32602,7.80218,7.5634,9.97138,7.98513,5.6471,1.24537,8.89577,9.85151,4.81843,0.46533,8.65821,10.45964,7.36818,6.36936,0.5775,8.8547,7.86725,6.59057,3.88753,6.70569,5.13673,7.72283,11.69833,0.56829,8.24825,7.18755,9.90075,6.59935,9.8031,2.98318,3.19372,3.76461,10.57905,5.17934,6.12717,10.10734,1.62715,3.29991,3.37085,7.1594,5.51492,4.90901,10.7576,4.87728,3.15359,1.38189,5.78026,5.64603,4.89214,4.70769,9.03745,8.69163,1.89717,8.83436,1.89149,2.12577,1.84875,0.6066,7.10993,2.67739,5.76444,5.135,2.49359,6.64297,9.5787,plate2_1362562385.csv,Pass
R21043109,5.66697,6.26098,7.25661,1.96999,7.68482,-1.59272,6.1303,10.25876,9.28676,4.88751,6.88601,3.31635,3.28064,10.5921,5.05265,9.25684,9.41637,7.54452,3.20292,8.35581,8.75673,4.87741,2.84256,4.98168,3.17979,2.49738,0.1544,7.48572,7.26166,9.63289,8.81965,5.64041,1.68152,9.43377,9.92121,5.03925,0.4822,8.37426,10.39536,3.74824,5.63069,0.69034,10.06169,7.49343,6.50136,4.29656,6.47589,5.06513,7.81168,11.79697,0.7537,9.12327,6.16263,10.89936,5.93346,10.65969,3.82588,3.58556,3.62006,9.92039,4.7144,5.74051,9.75208,2.5537,3.32598,3.53778,7.14305,5.67871,4.1321,10.60504,5.58726,2.44446,0.97088,7.19762,4.95556,5.55392,5.1626,7.18719,10.15413,1.84453,8.27499,0.31109,2.29964,1.32187,0.74207,6.9993,2.54546,5.01506,5.33052,2.6446,7.12418,9.43881,plate2_1362562385.csv,Pass
R21043111,5.78421,5.4793,6.93688,1.78616,6.92644,-1.19411,5.91251,9.1932,8.16663,4.03818,6.60095,1.83926,0.77373,10.56495,5.18332,8.6879,8.54667,7.2799,3.2857,8.00036,7.79858,4.24431,1.16677,4.26376,3.13143,1.87707,-0.24874,7.32808,6.96071,9.04234,8.04499,5.5787,0.67922,8.36835,9.55064,3.44775,0.64156,8.18276,10.06718,4.00043,5.91301,0.36134,7.90312,6.87717,6.32795,3.84284,6.65587,7.49623,7.58349,10.46873,0.97989,8.41914,6.28817,10.13741,6.20759,9.68371,2.80843,2.24744,3.31561,8.95469,4.45728,5.24752,7.96977,2.85334,2.96852,3.22518,6.89564,5.24484,3.32912,11.08217,5.01177,3.13348,0.88416,5.90797,3.79624,4.39247,4.61747,8.68966,7.4909,1.52234,7.30766,0.47677,1.53879,1.26198,0.72202,6.9167,2.28743,5.82704,6.21456,2.08818,5.9113,9.14119,plate1_1362562541.csv,Pass
R21043113,4.99266,5.67241,7.13033,1.51606,6.08647,-2.92023,5.81648,8.27184,8.02159,4.09232,7.0375,1.97105,1.80075,10.71598,5.2748,9.32393,8.71173,7.63714,2.29151,8.0436,7.96814,5.42918,1.69123,4.73337,3.03825,2.98186,-0.59477,7.80966,7.1033,9.82704,8.66095,4.63295,1.50457,8.54076,9.07657,3.66261,0.6495,8.3526,9.6447,4.71298,5.27068,0.5718,8.31196,5.13608,6.40954,4.10052,6.64573,9.12766,8.01349,9.71512,1.04383,8.44737,5.93364,11.48201,6.5036,9.77513,3.46177,8.65499,3.95692,9.4046,4.69529,5.50494,9.30085,3.7496,3.36858,3.80398,7.11599,5.16746,5.09256,9.18853,5.07659,3.97609,0.56587,4.72063,4.49965,5.32538,5.02593,7.48128,7.79784,1.88999,7.09053,0.44908,1.8509,1.6534,-0.41211,8.74969,2.75552,5.18645,4.66971,2.77579,5.94966,9.1692,plate1_1362562541.csv,Pass
R21043115,5.33508,5.38683,7.12289,1.76423,5.2781,-2.55915,5.13041,7.49716,7.2353,3.37003,6.80144,2.69009,0.94739,10.21642,5.05544,8.4691,8.23361,7.28879,2.16261,8.17081,8.79912,3.86046,2.48212,4.44544,2.88896,1.5753,-0.33499,7.68463,7.27877,8.85463,7.37068,4.98034,2.16164,7.90673,7.55848,4.01054,0.62085,8.15475,9.32052,5.08082,5.74002,0.27541,8.54929,6.87375,6.28202,3.48617,6.03918,4.63019,7.31714,8.61044,0.23011,8.30774,6.44542,9.86661,5.8553,9.77675,2.96442,3.06086,3.07414,9.1841,4.43443,5.55536,7.51791,3.08563,3.05452,3.3638,6.82097,4.51728,4.29253,7.68738,4.99466,2.94819,0.50364,5.52717,4.71494,4.47661,4.53887,6.94743,7.70748,1.31368,7.68288,-0.54755,1.57709,1.31935,0.521,5.80637,2.53009,5.39511,4.73014,2.42375,6.65655,9.51037,plate2_1362562385.csv,Pass
R21043117,5.58392,5.58067,7.38968,2.56722,7.20519,-2.52433,6.23248,9.75849,8.84432,4.68237,6.93854,3.44265,4.17831,10.75022,5.02826,9.41147,9.55579,7.53007,2.37667,8.21209,8.87224,3.70075,1.61754,5.16558,3.69054,2.09951,-0.56361,7.66776,7.53612,9.37336,7.94818,5.56736,1.46062,8.46741,9.29678,4.7428,0.65135,8.7943,10.22777,5.73399,5.81693,0.65664,8.47885,8.41248,6.5485,3.6673,6.60132,5.18593,7.64425,12.00058,0.81283,8.49146,6.78161,10.27843,6.52597,10.77346,3.4774,2.72843,3.35878,9.58845,4.89187,6.27425,8.96352,2.2716,2.7578,3.09521,7.10883,5.16648,3.84739,9.97647,4.69624,3.38235,1.2406,6.2473,4.67372,3.95663,4.71057,7.21,8.80749,1.85245,7.54521,0.34717,2.73272,1.64629,1.01619,6.83876,2.55105,5.75421,5.54872,2.20238,6.62773,9.26685,plate2_1362562385.csv,Pass
R21043119,5.1275,5.26194,6.89727,1.2429,7.57509,-2.2733,5.85668,9.87289,8.8408,4.73609,6.78003,2.55873,1.61167,10.44963,4.99647,9.01648,9.69838,7.31599,3.12239,8.6185,8.31628,3.78822,1.12909,5.09679,3.06115,2.1069,-0.4193,7.0159,7.15135,9.29331,7.65778,5.11767,1.60956,9.02359,9.00928,5.00205,0.3944,8.3448,10.15445,5.29331,5.15895,0.38681,8.48191,7.46748,7.38301,3.65035,6.66132,4.34157,7.31575,10.97328,-0.21107,8.70509,6.37536,10.02549,5.58793,11.44265,2.7624,2.59453,3.28885,9.34252,3.89412,5.6122,8.83687,3.82797,2.68886,3.11034,6.62096,4.68584,3.87386,10.0777,4.68103,2.35378,0.94769,4.42574,4.78376,5.02291,4.54379,10.075,8.05778,1.31509,7.79968,-0.09736,1.81613,1.34567,-0.13328,5.5769,2.185,5.24942,5.56558,2.22331,6.38678,9.05012,plate1_1362562541.csv,Pass
R21043121,8.17735,6.88764,7.15172,2.78418,8.00364,-1.83702,6.29075,10.44586,9.6366,5.73085,7.42742,3.2178,1.2788,11.12492,6.28008,10.52431,9.60756,7.78696,4.39356,9.25339,9.08552,4.04562,1.30236,5.12847,4.13915,2.57445,0.14668,7.98348,7.714,10.33087,9.07175,5.82965,2.15709,9.81729,9.90286,5.94808,0.55322,8.56782,10.34563,7.11576,6.07161,0.5892,9.91317,7.73548,7.88928,3.34203,7.14335,5.25844,8.30773,11.8254,0.21712,8.95884,6.81198,9.8257,6.1969,11.71333,2.77859,3.45984,4.05909,11.04354,5.12065,7.04181,10.54563,3.11339,3.64132,3.01678,6.98919,6.21157,4.31197,10.88671,4.91812,2.5062,1.06272,6.99442,5.23805,6.83134,4.86825,11.48051,8.72202,1.91632,9.04932,0.67308,2.55698,2.23142,0.30342,7.44989,3.35818,6.55493,5.42765,2.8635,7.86003,9.61421,plate2_1362562385.csv,Pass
R21043123,5.91594,5.65937,7.20209,2.64526,7.38196,-1.5942,5.85738,8.97022,8.48137,4.6822,7.40932,2.38917,0.92924,10.45415,5.29661,9.33777,8.97486,7.34474,3.9976,7.40922,8.66667,4.09798,1.09487,5.04862,3.28473,2.00765,-0.09476,7.36332,7.2296,9.28895,8.19383,4.71037,0.74028,8.79968,9.64349,4.52244,0.72194,8.3798,9.85052,3.19236,5.38372,0.54155,8.15878,7.5982,6.50532,3.8967,7.02224,4.78076,7.94356,10.97112,0.64211,8.48233,6.34981,10.36805,6.28052,9.29153,3.13923,2.88872,3.55957,9.0924,4.80269,5.34058,8.31012,2.46158,3.50776,3.49365,7.10578,5.34448,4.63203,10.98657,4.90315,2.27274,0.73564,5.78457,5.34971,5.17621,5.13837,8.64111,7.47034,1.74396,8.42985,-0.00853,1.92861,1.62512,0.71908,8.02694,2.12945,4.98041,4.29838,2.44602,6.86041,9.59522,plate2_1362562385.csv,Pass
R21043125,6.87041,5.47745,7.00855,1.40892,5.85148,-2.65732,5.11061,7.85115,7.57671,3.60321,7.05737,1.57233,0.74849,10.82829,4.96348,8.44992,9.15986,7.65047,2.58787,7.6032,8.81202,5.43883,0.24582,4.93464,3.22903,1.71909,-0.02936,7.81541,7.53747,9.10245,8.20446,6.13587,2.83584,7.80943,8.03587,3.66159,0.46817,8.09763,9.24231,2.61329,5.17148,0.26708,8.41147,7.36993,6.52083,3.66435,6.66403,4.5787,7.25288,9.09862,0.90593,8.179,6.90082,10.32822,6.17992,9.949,3.11895,2.81109,3.75813,9.6162,4.31959,5.37315,8.51085,3.73343,2.79821,3.12018,6.90006,5.21369,4.04985,9.81878,4.83188,2.2716,0.73998,6.53641,4.68652,4.19766,4.48037,8.26963,8.03324,1.42972,7.58604,1.08392,2.24753,1.31172,0.08987,5.66717,2.3429,5.91805,4.99099,2.41689,5.97475,9.13025,plate2_1362562385.csv,Pass
R21043129,6.13287,5.26491,7.44458,2.18757,7.85964,-1.37019,6.1882,9.78094,8.71274,4.45471,7.00548,3.27718,1.10092,10.56273,4.70883,10.23112,8.88901,7.33002,3.32281,8.30956,7.63564,3.81198,2.43275,4.56445,3.56619,2.49257,-0.69886,7.6941,7.28956,10.10376,8.47674,4.74852,0.4956,9.13654,9.50073,4.26824,0.52579,8.43297,10.19587,6.5319,5.02788,0.53415,8.89037,7.44977,6.67832,4.13627,6.91464,5.06289,7.06463,11.43044,5.90555,8.79581,6.2975,10.03442,6.40947,10.61547,3.30805,2.88929,3.20003,9.71426,4.24744,5.80694,9.6719,2.75117,2.44082,3.29469,7.03385,5.3681,0.62061,11.67658,6.00762,2.97062,0.96904,6.38391,5.62692,5.18574,4.97632,8.60139,7.95479,1.76961,8.41545,0.36636,1.46143,1.18386,1.27016,8.50483,2.48019,5.0554,4.62104,2.56618,6.39915,9.37822,plate1_1362562541.csv,Pass
R21043131,4.44622,6.03763,7.13741,1.56811,6.72141,-2.52639,6.26267,8.80096,7.71381,4.13961,6.82668,1.21883,0.90543,10.59699,5.86662,8.7571,9.40943,7.50352,2.63223,8.034,8.38098,4.08731,0.68446,4.99997,3.07829,2.16463,-0.00384,7.47453,7.52397,9.22553,8.77897,5.00007,1.54761,8.54318,8.87829,4.57118,0.71209,8.27883,10.00657,3.66541,6.31442,0.80887,8.17376,6.46341,6.8092,3.58954,6.69815,4.77307,7.95956,10.61627,0.36671,8.18629,6.69893,10.98902,6.38038,10.08737,3.4782,2.72945,3.54897,9.7733,5.04105,5.92575,6.64438,4.34077,2.77137,3.13737,7.26477,4.90129,4.74622,9.07167,4.18472,2.12535,0.87111,5.87477,4.47568,5.45088,5.26432,6.20637,7.83427,1.71821,6.94372,0.48127,1.81863,1.76126,1.06102,7.06806,2.34305,4.99664,4.86051,2.52655,6.58126,9.11214,plate1_1362562541.csv,Pass
R21043135,5.78125,5.22966,6.76155,1.85165,6.16171,-2.51285,5.44468,9.36279,8.69752,4.11089,6.51335,3.39834,1.11769,10.53748,4.7008,8.45539,8.03616,7.27348,2.63185,7.84989,8.7314,3.72506,0.44791,4.23269,2.93776,1.79956,-0.43165,7.26567,7.15186,8.734,7.7044,4.90713,1.03389,8.31036,8.35208,4.64598,0.51838,7.95408,10.31188,6.31853,5.47288,0.31622,8.2768,7.23494,6.53064,3.61376,6.13572,4.41221,7.39517,10.09213,0.63779,8.47618,6.03388,10.3557,5.50086,9.93658,2.52773,2.53331,3.30326,9.68772,4.46684,5.62674,9.4345,2.43584,2.62613,3.17498,6.39081,4.36393,4.61155,8.89735,4.86736,2.98228,1.11387,5.39038,3.88393,4.18024,4.5769,6.97382,7.75577,1.62229,7.76613,0.11155,1.62525,1.06706,0.27178,6.85504,2.12317,6.03877,4.18538,1.88397,5.37526,9.27292,plate2_1362562385.csv,Pass
R21043139,5.69388,6.04572,7.09091,2.72334,6.85901,-3.41306,5.64531,9.57028,9.56075,3.94919,7.02929,2.0504,1.27167,10.943,5.46109,9.10422,9.62706,7.66946,2.15467,8.00409,8.50254,5.8262,0.66534,4.85413,3.83498,2.30424,0.06465,7.94899,7.61834,9.51008,9.49961,5.46478,2.0448,9.41466,8.59639,5.16822,0.56378,8.01791,10.25492,4.58383,5.81619,0.82387,12.32506,8.61004,6.49613,3.82884,6.78026,8.05821,8.04337,11.65677,1.55972,8.55153,6.37979,10.29083,5.63775,10.92251,3.07614,2.62765,4.19654,9.30494,5.52482,5.43066,9.02801,4.47825,2.49539,3.68773,6.97116,5.05885,4.38419,9.57572,4.35541,3.04093,1.02815,8.65093,5.21246,5.22093,4.98175,6.13479,8.06257,1.74542,8.27528,2.44085,2.0831,1.75125,2.12394,6.52239,2.85676,6.11904,4.7718,2.90304,6.82085,9.38891,plate1_1362562541.csv,Pass
R21043141,5.40819,6.06689,6.76248,1.33624,5.67089,2.13304,5.69551,8.17259,8.13652,3.36747,7.15747,3.63668,2.1479,10.4714,5.6533,8.49372,8.48405,7.45108,1.39628,7.1273,8.89275,3.77212,0.35854,4.4228,3.10762,2.21858,0.24507,7.40671,6.82337,9.10822,8.39009,5.55331,-0.21191,7.99667,8.45951,4.57409,0.58286,8.11467,9.57357,4.40559,5.9424,0.63281,8.05474,7.44274,6.65969,3.95928,6.34102,7.64219,8.06882,9.51075,0.72259,9.03704,6.40472,10.1098,5.9767,8.90772,2.55016,3.5634,3.85622,8.59017,4.68911,5.67549,8.77853,3.88914,3.02626,3.34781,7.13777,5.2813,4.86907,8.76874,4.76097,2.36249,0.92708,4.90473,3.80349,4.06609,4.9516,8.28885,7.33983,1.6722,7.95518,0.23104,1.92558,1.54486,-0.07794,6.06665,2.4934,5.74113,4.91699,2.15712,5.7836,9.36103,plate2_1362562385.csv,Pass
R21043143,4.18977,5.7011,7.45898,1.20815,6.42223,-2.70639,5.46815,8.34668,7.88119,3.50764,6.85046,1.257,0.9768,10.20123,5.3711,7.97677,8.53271,7.25728,1.54959,7.97419,8.3639,4.27142,-0.023,4.13938,3.39564,2.40216,-0.51367,7.59387,6.92353,9.10676,7.85428,5.14249,1.67966,8.01361,8.96184,3.51584,0.3389,8.38064,9.39989,4.99868,5.80428,0.54362,8.34391,7.41651,6.33006,3.60154,6.64492,4.48854,7.63285,10.75024,1.08165,7.93019,6.42257,10.25816,6.0109,9.31493,3.11754,2.82077,3.90645,9.07802,4.82719,5.36231,8.6192,2.49015,2.87255,3.66728,7.17045,5.45306,3.78079,9.57661,5.16614,4.72052,0.42359,5.38568,4.70416,3.90935,5.17782,6.6095,8.07599,1.6493,7.01714,0.13256,1.89505,1.22107,0.97764,6.59764,2.77841,5.61855,4.33706,2.67822,6.91705,9.14191,plate1_1362562541.csv,Pass
R21043145,6.47929,6.00563,7.21795,2.60405,8.52824,-2.28009,6.74151,11.14425,9.92927,6.06604,7.91686,1.95293,1.1842,11.02778,5.95189,9.36732,9.71414,7.92071,3.81398,6.49761,7.85701,4.91097,1.86016,5.21073,3.78371,2.25869,0.26614,7.91428,7.38434,10.27713,9.17984,5.69241,2.23747,10.18662,10.51301,6.44496,0.50147,8.85303,10.43106,4.77267,6.28084,0.88505,9.20569,8.63456,6.92037,3.81347,6.99676,5.18459,8.85213,12.36102,0.86876,8.79115,6.70265,10.06393,6.19288,9.50972,3.52605,2.54312,4.6371,10.41031,5.60645,6.58744,9.43508,3.14544,4.18955,3.3998,7.72975,5.37496,3.98034,11.6589,5.82118,1.68121,1.22499,4.45748,4.64891,6.07,5.34176,7.65776,7.41443,2.03069,9.07772,0.16026,2.0355,1.73194,1.0957,9.20208,2.96538,5.44029,5.94611,2.87,5.53907,9.66742,plate2_1362562385.csv,Pass
R21043147,6.8851,6.99705,7.18026,2.03779,5.54253,-2.712,5.29702,7.49652,7.60503,3.17058,8.35896,3.79427,1.87359,11.14456,6.55564,10.56996,7.2426,6.82976,1.82544,10.91151,8.65463,6.0953,0.35272,5.18861,3.70099,3.34346,-0.56441,8.32871,6.27982,10.18321,9.0842,5.81429,2.20924,7.60981,7.72908,5.54621,0.46115,7.13154,9.00172,5.83593,5.01421,0.8947,10.51085,7.06368,6.86165,4.72304,6.61083,5.54122,8.31659,8.21532,-0.01404,9.03176,7.19678,11.54657,6.66129,12.70828,3.72829,4.83631,3.82284,10.00636,4.80031,7.36479,9.92024,4.1035,3.09932,4.02695,6.87743,6.35893,3.9848,9.19439,3.54204,3.30147,0.74307,9.23009,4.26887,4.75656,4.64637,6.20533,9.62747,2.03286,8.35393,-0.23626,3.53195,2.47599,0.38753,6.18224,4.4518,5.87445,6.00311,2.72381,8.13198,9.82474,plate2_1362562385.csv,Pass
R21043149,6.45054,6.93842,6.88316,1.75096,5.50788,-2.69295,5.39785,7.04687,7.04308,3.23314,7.98106,1.72498,0.92403,11.03157,4.84774,7.50521,8.47721,7.27604,2.20121,9.14233,8.92086,3.70311,1.28604,4.91888,3.81403,2.20751,-0.25858,7.97506,7.09321,9.7098,9.19912,3.72565,-0.05061,8.03105,8.27564,4.13012,0.5797,7.46548,8.89809,4.7426,5.16593,0.66306,11.61108,7.41651,5.93556,3.87856,6.79758,4.28393,7.91063,8.69077,2.28812,8.45286,6.06988,10.47644,6.31526,9.62622,3.02757,2.59593,4.79843,10.1115,4.86249,6.00581,9.84874,2.89388,3.43862,3.93424,7.37022,5.86941,3.58078,9.1866,4.63118,3.80397,1.00005,4.89514,5.59199,3.80112,4.9189,8.76505,8.05778,1.82937,8.20017,1.47887,2.11746,1.43807,1.32892,7.44116,2.86714,4.5664,3.39872,3.04741,7.12215,9.39427,plate2_1362562385.csv,Pass
R21043151,4.60135,6.02196,7.06854,1.34593,5.90707,-2.55022,5.79747,8.25081,7.60066,4.14777,8.10955,1.3432,2.23018,10.34309,6.00788,7.72618,8.89469,6.71674,1.31998,8.12006,9.40676,4.33986,-0.17338,4.55366,3.62433,2.18189,-0.18055,8.03972,6.63156,9.26,7.72259,5.25327,1.48806,8.23635,8.17483,4.272,0.54212,8.22189,9.2784,5.50526,5.38487,0.63496,9.85483,7.09083,5.69261,3.35777,6.53547,4.74838,7.99886,9.70729,0.2501,8.38664,6.87034,10.55466,6.50888,10.37311,3.21638,2.85192,4.30369,10.30856,4.93255,5.47109,7.44347,2.4203,2.78926,3.6256,7.07017,5.83656,4.99137,8.8452,4.34551,2.61585,0.91706,4.58044,4.4037,4.02675,4.79597,7.06704,9.05047,1.46341,7.95991,-0.02674,2.00767,1.77856,-0.90234,6.45243,2.73237,5.35153,5.97881,2.90636,7.59899,9.36592,plate1_1362562541.csv,Pass
R21043153,7.46736,5.83679,7.51949,1.42933,5.72366,-2.63815,5.83615,8.33671,8.12441,3.47591,8.38437,3.28066,3.19941,10.91213,5.36619,9.14335,8.62719,7.20772,2.84051,10.62451,8.04922,10.21142,1.04852,8.23028,3.22571,2.89467,-0.74214,8.00486,6.50891,10.10608,8.85118,8.95653,0.64847,8.61459,8.3741,4.7177,0.66235,7.94755,9.85829,5.44955,5.12842,0.67883,8.42007,7.1645,6.42905,4.10656,6.40572,5.1925,7.97695,9.32023,0.85772,9.21781,7.26836,11.41913,6.68321,10.99423,2.39746,4.74074,4.08279,8.67778,4.80176,5.85151,9.86482,3.65329,2.75387,3.93264,6.91952,5.42427,4.36026,9.36342,5.38966,8.05613,0.91753,6.54254,4.71618,4.85011,4.91197,8.30619,9.18075,1.767,9.37972,0.45023,2.79585,1.37336,0.83896,6.2402,3.30191,5.52848,7.8983,3.85401,6.9664,9.55399,plate2_1362562385.csv,Pass
R21043155,6.61808,5.94331,6.56884,2.1751,6.74685,-2.40238,5.82455,8.51832,8.01882,3.58936,8.59606,2.41359,1.27054,11.12972,5.87126,8.62621,8.90177,7.24962,2.89329,7.99719,9.09366,5.48483,0.26432,4.93851,3.2861,1.8807,-0.13592,7.79671,6.57525,9.3685,7.31648,5.87915,1.31454,8.17188,8.92094,4.38352,0.48191,7.87475,9.21993,4.55185,5.23679,0.64347,8.83506,5.72197,6.37906,3.93147,6.74408,4.24065,7.31009,9.93378,0.08562,8.2158,6.46425,10.07005,6.23814,10.9221,3.34339,3.23899,3.97146,8.05433,4.95998,5.52165,9.41854,2.37946,3.06764,4.04841,7.06904,5.61432,3.63234,8.7549,4.47597,2.912,1.04309,5.88303,4.59286,4.15394,5.06147,7.13694,7.90308,1.73311,8.68662,0.55498,1.9811,1.19383,0.5541,7.60893,2.80649,5.30416,5.83172,2.78057,6.73107,9.42354,plate2_1362562385.csv,Pass
R21043159,4.9749,6.17205,6.42225,0.99777,6.49918,-2.90004,6.14171,8.5901,8.03364,5.20174,8.70962,1.93592,0.79532,11.29711,5.55105,8.76317,10.07425,6.85502,2.3006,8.07564,8.59758,3.73264,-0.00113,4.39914,3.23562,2.47787,-0.42745,7.52869,6.1052,9.32591,8.00045,6.04401,1.21256,8.33427,8.72301,4.40082,0.5787,7.99861,10.06718,5.30208,5.18933,0.85351,8.74371,7.02237,6.02712,3.26872,6.75056,4.41227,8.31104,10.56734,0.45024,8.27906,6.66206,10.28751,5.7996,11.12738,3.01999,2.74053,3.72836,10.12382,4.84064,5.973,6.85713,3.01711,2.84952,3.62501,6.59163,5.5752,2.95695,11.48576,3.95908,1.39886,1.10807,5.87579,3.97152,4.37138,4.50169,7.37327,8.71245,1.29631,8.62767,1.14675,2.49895,1.25773,0.69241,5.61652,2.72332,5.54644,5.58458,2.38655,6.81124,9.08431,plate2_1362562385.csv,Pass
R21043161,5.8624,5.77882,6.52928,2.33485,5.25754,-2.83194,5.4991,6.81924,8.18012,3.47384,7.88872,2.01369,1.20196,11.39091,5.24142,8.99223,10.62572,7.50839,0.72375,7.90001,8.19319,4.89576,1.18929,4.97195,3.06254,2.5654,-0.31125,7.99248,6.76539,8.6611,8.1969,5.13544,1.64698,8.35503,6.87071,4.75457,0.6799,7.91942,10.02552,4.27294,5.36853,0.48941,8.65978,6.69255,6.87203,3.70208,6.67215,4.40906,7.39193,7.63125,0.65395,8.41589,6.24136,10.29096,5.85064,10.31936,2.80663,2.32964,3.89756,9.8043,4.53301,5.80211,9.55178,4.28531,2.99832,3.43638,6.96628,5.25425,4.07197,12.28119,3.65857,1.37142,0.98451,5.29767,4.22895,4.18374,4.50448,8.40081,7.77593,1.31165,8.17058,0.18445,1.86308,1.24519,1.97725,6.92172,2.72212,5.80747,5.00803,2.50269,6.37564,9.31068,plate2_1362562385.csv,Pass
R21043163,6.804,5.69737,7.20941,2.54859,7.14807,-2.11585,6.2703,8.73703,8.80784,4.6579,7.04268,1.77008,1.61772,10.39103,5.00237,9.11388,9.05308,7.51127,3.6078,8.00924,8.19194,3.74101,3.07574,4.73574,3.69338,2.35115,0.03465,8.09188,7.39324,9.69459,8.63241,5.04669,2.04977,9.25942,9.28037,3.92932,0.43701,8.03315,10.01069,3.84561,5.20128,0.64952,8.12606,7.75044,6.24726,3.67555,6.96578,4.81844,7.02782,10.53153,0.19103,9.07533,6.19381,10.85429,6.28716,10.18613,2.96733,2.84329,3.87031,9.871,4.40491,5.71878,10.04134,3.11672,3.08768,3.5076,6.96603,5.10844,0.73989,11.21083,5.73904,3.7481,1.52568,5.26755,4.25896,4.81873,4.68887,8.17764,8.15323,1.75482,7.36642,0.268,1.89125,1.24876,-0.16985,6.73811,2.44866,4.78418,6.0286,2.64952,6.57415,9.10813,plate2_1362562385.csv,Pass
R21043165,5.47027,5.29044,6.40689,1.42869,4.20308,-2.57752,5.08579,6.47842,7.05657,2.52853,7.00519,1.61533,0.99065,11.14111,4.96351,9.87074,9.23547,7.18132,2.69161,8.94371,8.66416,3.26181,0.07624,4.81417,2.99556,2.51282,0.07984,7.70031,7.17625,8.80618,7.77671,5.46156,-0.00538,7.93324,6.67496,3.49835,0.666,7.89567,8.54754,6.13775,5.89197,0.3988,9.01689,7.28679,6.35748,3.5011,6.27755,4.25218,6.92977,7.55491,0.28133,7.84364,6.20557,10.17018,5.50767,10.92037,2.74473,2.50405,3.56719,9.9339,4.57312,5.00933,6.64267,4.90084,2.67232,3.65812,6.59041,4.68997,3.66731,8.83652,4.62932,1.91791,0.91033,4.9978,4.07187,4.53227,4.70462,6.65886,8.01909,1.55183,7.37608,0.07419,2.02834,1.33887,0.22701,6.79649,2.0821,4.98534,5.37511,2.31619,7.00859,8.84295,plate1_1362562541.csv,Pass
R21043167,5.40892,5.48172,6.87556,1.6395,6.20615,-2.23781,6.0248,8.56278,7.79313,4.00314,8.01318,2.23399,1.19357,10.42269,4.80228,8.35817,9.24404,7.59133,2.47162,7.23039,9.20103,4.49694,0.0891,4.05528,3.33949,6.32855,-0.21161,7.09807,6.93397,9.29602,8.39946,5.42716,2.02163,8.35266,9.5986,4.26251,0.40857,8.2258,10.20487,5.79247,5.06181,0.49775,9.27057,7.2048,5.58747,3.35316,6.59326,4.64233,7.56241,10.98308,0.71538,8.3391,6.66774,10.44698,5.60442,9.54182,2.74341,2.74245,3.97697,9.84228,4.65198,4.70091,9.29357,2.3477,2.73584,3.64156,6.87249,4.97461,4.49935,9.54743,4.36768,2.85888,1.17807,5.12176,4.54297,4.29004,4.87488,7.53351,12.34978,1.77414,7.84261,0.2011,1.81415,1.5087,0.0061,6.31952,2.21793,5.24949,5.3496,2.10565,6.27501,9.27628,plate1_1362562541.csv,Pass
R21043171,8.1682,5.08279,7.2205,2.16464,5.42062,-0.43675,5.32341,7.70127,7.77131,3.26606,6.81225,3.72428,1.80671,10.87053,4.95841,8.54247,9.07476,7.23905,2.27351,8.51487,9.0843,4.10479,1.63108,4.81684,2.7524,1.94273,-0.37926,7.36986,6.80457,8.51701,10.08879,6.94746,1.43305,8.12204,7.96733,5.00182,0.7143,8.1193,9.79895,5.86865,5.93262,0.45106,8.43331,7.43138,6.12786,4.07032,6.12444,4.38827,7.28532,12.36817,0.71244,9.44295,6.77988,10.57135,5.48719,10.1595,2.64249,2.42664,3.14885,8.83191,4.72498,5.42592,8.57514,4.74998,2.31647,3.3761,6.92829,4.83565,3.88946,8.39619,5.32106,3.71596,1.08526,5.55613,3.7965,5.47096,4.53061,8.106,7.92369,1.72255,8.31441,0.30683,1.99022,1.08899,0.50941,6.23008,2.0887,5.35598,6.4109,2.07686,5.8273,9.13065,plate2_1362562385.csv,Pass
