sample_id,P10144,O75509,P09038,O75144,P12544,P18627,P15692,Q9UQV4,P09382,P22301,P14210,Q92583,P20718,P09601,Q13241,P05231,Q16790,O43927,P10147,P39900,O76036,O00182,P32970,P01127,P35968,P01133,Q9BQ51,P42701,P09237,P07585,P13500,P50591,P09341,Q15389,P26842,P48023,P05113,P29965,P10747,P01730,Q02763,Q01151,P49763,Q14116,O95727,Q9NP84,P48061,Q8WXI7,P43489
R21043026,5.92401,7.44433,2.3817,4.98006,6.28307,1.96712,6.61329,4.53648,6.47513,2.79347,8.11352,9.50124,5.8149,10.29208,5.33351,2.89669,3.9328,7.90284,5.73925,6.87789,3.14169,7.49495,3.11165,9.20713,7.20749,8.67672,1.81069,1.45443,9.25504,3.69028,10.55264,7.51045,8.12276,7.897,8.1385,5.48243,0.35762,5.95495,0.40183,3.36083,6.73672,2.47693,7.18993,8.07464,4.98924,3.68838,0.96529,0.30757,4.82277
R21043028,5.49523,7.01627,3.76988,4.79317,6.69784,1.55523,8.45701,4.58424,6.75024,2.95153,8.87499,9.45123,6.26956,9.86255,5.66605,4.16428,2.92104,8.93262,5.06178,6.88634,2.88501,7.62179,3.00711,10.38645,7.44903,10.21614,1.7676,1.50766,6.76145,3.11382,9.33391,6.93942,10.19887,9.16064,8.11321,4.86795,0.53615,7.98518,0.39032,3.36096,7.37053,2.39335,7.04327,8.52729,5.14125,3.16032,1.1338,-0.01885,4.93184
R21043030,3.98589,7.27124,1.44624,5.18132,6.13571,1.92803,6.92434,4.7286,6.64692,2.43551,7.55372,7.39922,4.33437,10.65013,5.52813,1.71055,2.53695,7.70059,5.72439,6.00339,3.55953,7.853,2.84483,9.15866,7.42745,7.39997,1.58113,1.27741,7.95982,3.37066,10.96836,7.35447,7.71811,6.78645,7.94573,5.63631,1.08956,4.94,0.54155,3.11736,7.59944,2.71992,7.05853,7.8727,5.0295,3.49077,0.80583,-0.34209,5.5662
R21043032,5.50904,6.56424,3.77024,4.28462,6.73423,1.8269,7.94358,3.23996,6.85275,3.02027,9.46343,9.24046,5.6271,9.99707,5.86032,4.34449,3.98974,7.92165,6.06215,8.32068,2.81996,7.50968,3.0502,10.52286,7.58068,10.72494,1.48733,1.37021,9.0716,2.76506,11.89392,7.08163,9.48919,9.73018,7.71337,5.73644,1.43183,8.19881,0.46267,3.2859,7.20598,1.80735,6.98395,7.94973,5.04637,3.1926,1.26882,0.59406,5.16836
R21043034,6.26009,7.29889,4.90694,5.18895,7.59606,2.41357,10.14572,5.64368,7.19276,3.38979,9.11535,11.56641,7.15032,9.61469,6.36265,4.83089,4.67845,8.46326,6.83828,9.10196,3.02447,8.81068,4.32549,10.35271,7.51033,11.08722,2.26317,2.09924,9.8545,3.61905,10.71594,7.05893,10.47091,9.84664,8.56913,5.17628,0.51308,8.9658,0.74026,4.21606,7.10424,2.79629,7.68547,9.2099,6.14203,3.87951,1.04312,1.76947,6.02129
R21043036,4.93348,6.93244,3.67537,4.79652,6.10295,1.61246,8.24951,3.20451,6.81832,2.92824,8.14011,10.37301,4.81659,10.17598,4.89465,2.53378,3.86512,8.38275,5.66782,7.53931,2.88662,7.38797,2.95944,10.11903,6.72725,9.47385,1.56129,1.33588,8.61657,3.35235,10.8162,7.35123,9.06302,8.19895,7.7172,5.46986,3.89348,7.56376,0.5212,3.06623,6.61774,2.57071,7.04752,7.74294,4.96999,3.71103,0.90291,-0.10825,4.73799
R21043038,3.63704,7.04549,0.87948,4.74908,6.10655,1.54659,7.4854,4.81166,6.26755,2.51796,8.15752,7.68727,4.85414,11.02179,5.39196,2.45584,3.98477,7.96553,5.39793,8.61663,2.75016,7.71159,3.355,7.50286,7.15713,5.25143,1.80618,1.70442,9.72134,3.70091,10.63172,7.30174,6.67664,5.58798,7.56413,5.38506,0.47409,2.79903,0.32184,3.47003,6.94127,2.23685,7.21077,8.03204,5.08869,3.58088,1.02229,1.10607,4.89466
R21043040,4.53309,6.72454,2.92216,4.6228,6.31824,1.55509,8.30347,4.0925,6.70359,2.30457,8.38454,10.19363,5.26466,10.03389,5.09528,2.71926,3.32699,7.18765,5.33137,6.33045,2.74407,7.73672,2.60255,10.18429,7.3145,9.07897,1.3345,1.6148,9.13679,3.10037,10.49268,7.08893,8.69485,8.46699,7.34658,5.18028,1.06932,6.91034,0.35258,3.21781,6.78342,2.19132,6.50469,7.59073,4.75515,3.14225,0.7879,0.89192,4.76504
R21043042,4.00356,7.22066,1.95481,4.69552,5.82734,1.892,8.44715,5.62985,6.56869,2.22189,8.34984,10.35319,4.82088,9.94954,5.25893,1.6314,3.43928,7.28293,5.19918,6.97557,2.57125,7.54598,2.62003,10.41332,7.3932,9.2983,1.60646,0.73875,9.06705,3.10834,10.30087,7.60727,9.50338,9.10919,7.49282,5.01116,0.33207,7.21094,0.23177,2.84354,7.27319,2.58802,6.74611,8.77556,4.7707,3.41334,0.84785,1.27568,5.33802
R21043044,5.11205,7.11492,2.33451,4.98824,6.16728,1.89634,8.06577,3.39461,6.60876,2.7331,8.60485,10.00599,4.93803,10.1085,5.24105,2.29489,4.18258,8.45798,5.50747,6.54665,2.94459,7.18403,3.08447,10.13412,7.30572,9.24985,1.42582,0.95533,9.37993,3.34807,10.34288,7.59766,7.7523,8.53798,7.67294,5.73842,-0.0444,7.43981,0.51813,3.11258,7.42369,2.34324,6.8047,7.35493,5.01268,3.88897,1.19893,0.27582,4.70439
R21043046,5.00412,7.07565,2.54865,5.31671,7.02979,2.45429,7.90127,5.79433,6.63833,3.42539,8.2377,10.69298,5.77957,10.00245,6.6989,2.39681,3.97749,8.01767,5.93097,6.89169,3.25602,7.31203,3.50557,10.38652,7.28274,9.48311,2.18365,1.86407,8.49462,3.4524,10.35335,7.72159,9.22406,8.88899,7.72632,6.55899,1.02996,7.06728,1.0761,3.49253,7.35645,3.27519,6.5284,8.18957,6.36427,3.66332,0.80277,0.7652,5.60771
R21043048,4.15889,7.12501,3.1134,5.9928,5.29313,1.71766,9.03429,5.11797,6.9446,3.5482,8.93465,10.20994,4.78845,9.20677,5.04576,3.9859,4.9381,8.2276,6.79275,10.86856,2.50091,7.87936,4.31288,10.68089,7.50857,10.0102,2.88729,0.9811,4.92252,3.38249,11.94892,7.50411,9.74293,9.36959,7.93896,4.43234,0.22533,6.77972,0.3225,3.71785,7.65259,2.63967,7.56843,8.48482,4.42611,4.60896,0.91611,3.68602,5.59969
R21043050,4.5345,6.74176,2.26278,4.89866,5.98307,1.61831,7.636,4.63153,6.02943,1.92045,8.50976,9.55602,4.39931,9.94071,4.55238,1.98372,3.66471,7.41341,5.03471,8.26949,2.30188,6.96157,2.25969,10.30418,7.46462,9.58753,1.57697,1.14619,9.4735,3.10453,11.54318,6.98553,8.63318,9.94922,6.70479,5.21339,0.43784,7.30453,0.24066,2.88177,7.47829,1.67718,6.64362,7.45125,4.40428,2.8544,0.81114,0.14132,4.11561
R21043052,6.69391,7.26609,1.29393,4.85879,6.51702,1.58032,7.06427,5.25026,6.59499,2.11263,8.67558,8.76608,7.04207,10.41705,5.50549,1.73908,4.67583,7.82751,5.54095,7.66742,3.24208,7.98679,2.75361,9.30569,7.38279,7.41323,1.92306,1.49942,8.24038,3.3998,10.58657,7.45198,7.62426,7.43432,7.60501,5.84979,0.61467,4.64334,0.41748,3.03699,7.0528,2.78382,7.28052,8.43333,5.1488,3.3306,0.85209,2.56747,5.44897
R21043054,3.78612,6.72696,1.60055,4.62458,5.68154,1.50207,7.42278,4.01586,5.88565,2.28828,7.66138,8.35847,3.91445,10.40168,5.58426,1.13324,3.81947,6.95143,5.15938,6.70262,2.51345,7.14366,2.5072,9.35013,7.19867,8.42844,1.49035,0.85742,8.76178,3.21947,10.13503,7.24018,7.96114,7.87437,6.71465,5.30285,0.13741,5.25781,0.17333,2.65549,6.81187,2.09054,6.49361,7.8856,4.78946,3.12422,0.4323,1.01081,4.43415
R21043056,4.81286,6.911,2.02313,4.90043,6.06444,1.46658,7.58051,4.07157,6.45219,3.00096,8.18025,8.97877,4.63529,10.20859,5.47692,2.22811,4.15681,7.91666,5.38095,6.85836,3.07187,7.64767,2.62969,9.41069,7.20579,8.36796,1.45793,0.90858,10.14994,3.46687,10.71796,7.62481,8.82573,8.18138,7.31375,5.51959,-0.05474,5.76598,0.37246,3.03763,6.82805,2.03306,7.15194,7.86936,4.20921,4.18,0.29696,0.0618,5.23074
R21043058,4.22535,7.55072,1.21255,5.40128,5.70997,1.58142,7.39694,5.87933,6.79948,2.43562,7.842,8.05989,4.55716,11.0428,5.92158,3.25943,3.06514,6.53851,5.48123,5.92944,3.14365,7.70113,3.52002,8.10137,7.46359,7.30655,1.85344,1.5959,9.09019,3.85015,10.17517,7.50473,7.04292,7.07701,7.12663,4.13184,0.86745,4.37154,0.55298,3.1907,7.02192,2.69392,7.65642,8.209,5.31395,3.22815,0.93574,0.01434,6.20893
R21043060,5.0308,7.30851,3.20393,5.01032,5.82968,1.9962,8.20084,4.88647,7.04168,2.38314,8.4442,10.57311,4.97035,10.37483,6.23378,6.36939,3.625,7.53084,5.36184,7.55072,3.61399,8.06526,3.54465,10.37499,7.38341,9.73391,1.90136,1.23999,9.75978,3.33623,10.29749,7.40745,9.9024,9.06554,7.25401,4.75803,1.26869,7.24417,0.34896,3.52077,7.22027,2.6171,7.12727,8.43971,4.80123,4.3712,0.78637,0.56321,4.90155
R21043062,4.89732,7.26549,2.42807,4.59143,6.00255,1.68436,7.31245,4.873,6.50586,2.71856,8.62123,9.32454,5.55133,11.68399,4.71408,2.99173,4.20116,7.59798,5.85456,7.48215,3.14824,7.60966,2.82239,9.97786,7.4788,8.03231,1.87995,1.13556,10.46814,3.66849,11.25022,7.28092,8.03731,8.37379,7.53945,5.29038,0.82784,6.01368,0.60742,3.71801,7.69744,2.28064,7.01132,7.57464,4.66536,3.8013,1.23776,1.00594,4.98721
R21043064,4.95843,7.03186,2.58793,5.42941,6.72665,2.74415,8.07288,3.67649,6.69066,2.8143,7.84784,9.4046,5.0653,10.43259,5.85767,2.01268,3.66247,8.63109,5.66698,6.86131,2.8675,7.44655,3.15032,9.8593,7.1751,8.7175,1.74542,1.79561,8.19775,3.43807,10.60427,7.49382,8.92351,7.47819,7.61729,5.59615,2.77489,6.17315,0.48495,3.34378,7.13741,2.30292,6.7747,8.6637,6.12186,3.95063,1.24904,1.00925,5.04986
R21043066,4.54891,7.23768,2.51274,5.26427,6.41007,1.85482,7.89847,4.64998,6.74491,2.3298,7.84272,8.48667,5.22141,11.6262,5.50126,2.33238,4.31862,7.40746,5.62849,6.60769,3.11025,7.42605,3.04823,9.70945,6.89903,8.48596,1.94652,1.1437,9.15193,3.43575,10.48653,7.02862,7.36548,7.70145,7.35846,5.79212,1.28456,5.91137,0.36601,2.7195,7.26659,2.59235,6.92219,7.76357,5.81667,3.76571,0.83537,1.57393,5.00048
R21043068,4.97925,6.57535,3.7599,4.9454,6.56349,2.37739,7.05684,4.79966,6.60127,3.34424,9.37877,10.40676,5.49176,10.8912,5.81714,5.01277,5.37411,9.08053,6.34979,10.39052,2.35574,7.59921,4.02176,10.36747,7.14618,9.84743,1.61905,1.64679,9.69519,3.58919,10.79513,6.25645,9.52201,8.79877,7.50789,4.91451,0.4648,8.24569,0.41076,3.26492,6.85022,2.09287,7.39824,9.16436,5.10522,3.54726,0.79448,1.85677,5.11216
R21043070,4.6551,7.34277,1.8981,4.7277,5.90158,2.09046,7.49132,4.66881,6.70274,2.36712,8.47948,8.41183,4.24374,10.06549,4.77962,2.79467,3.53073,8.31113,4.98727,8.09597,2.88224,7.4223,3.06739,9.25643,7.38011,7.71228,1.67875,1.41599,9.50955,3.23352,10.83436,7.33975,8.11867,7.45302,7.33519,5.22694,0.40127,5.34235,0.2806,2.95859,7.42262,2.23716,6.70917,7.84542,4.5525,3.28092,0.62554,2.74759,5.03872
R21043072,4.09367,6.87628,3.25035,4.86325,6.26192,1.90984,7.86671,4.03176,6.80139,3.24016,8.39423,12.18514,4.83985,10.43421,6.07892,1.8128,3.23077,8.43231,5.59739,6.92932,3.09845,7.36364,2.78031,9.73925,7.25015,9.12633,1.47065,1.78139,5.46344,3.33736,10.51733,7.81436,8.94031,8.29498,7.20578,5.11749,0.44948,6.71454,0.46588,3.26814,7.2028,2.11051,6.93002,7.57837,5.03679,3.42842,0.86576,1.96545,5.62063
R21043074,4.76918,7.04031,2.01218,4.61947,6.36911,1.90815,7.68042,4.22128,6.60443,2.95215,8.41884,8.58511,4.56814,10.20517,5.29372,2.6302,3.23537,7.68616,6.15496,7.9665,3.19465,7.83844,2.99408,9.57695,7.63675,7.67957,1.40799,1.63438,9.07582,3.44835,11.24592,7.92822,8.24169,7.28946,7.61446,6.27114,0.73357,5.84198,0.56983,3.64672,7.13137,2.06166,7.16671,7.76995,4.77514,3.68987,1.07874,1.43034,5.01309
R21043076,4.73788,6.907,3.45363,5.082,6.74678,1.73307,7.80516,4.2787,6.62736,2.48427,8.39672,10.25119,5.17461,10.55331,5.32666,2.67175,3.52836,7.92059,5.15699,10.60609,2.75052,7.19028,3.15527,10.16698,7.0885,10.10447,1.80638,1.01941,9.84484,3.30548,10.48937,7.54342,8.99991,8.73714,7.73855,5.59638,0.9947,7.75541,0.55278,3.24564,7.13239,2.00336,6.86847,7.7746,5.32167,3.84957,1.23156,0.00757,4.77042
R21043078,4.54796,7.10716,1.61735,5.07409,6.45447,2.18284,7.35853,4.07328,6.38143,2.60383,8.35174,7.76281,5.29297,10.12565,5.66258,1.98039,4.46024,8.14329,4.92089,7.59195,3.14183,7.70313,3.4177,9.75627,7.34755,7.41193,2.31532,1.74654,7.8186,3.61396,10.78516,7.41284,7.69856,8.293,7.78846,5.7974,1.61335,4.68334,0.4224,3.39792,7.51772,2.63302,6.9154,7.43912,5.44612,4.02083,0.80188,1.09978,4.92683
R21043080,4.57769,7.05959,2.50815,4.83724,6.62632,2.08522,7.99336,4.13112,6.40308,2.69152,8.06033,9.45464,5.17461,10.67243,5.84836,3.6142,3.10649,8.43297,5.715,7.19357,3.20994,7.77966,2.97392,10.21223,7.32571,8.97022,1.92893,1.69827,9.11129,3.21311,10.26735,7.57448,9.14464,7.73193,7.94477,5.88178,0.50457,6.36233,0.52576,3.86695,6.93492,2.75268,7.00348,7.72713,5.00687,3.59589,0.89471,1.65015,5.16262
R21043082,3.71463,6.80554,3.13258,4.40809,6.06635,1.83236,8.3141,3.74489,6.66157,2.7581,8.24914,9.6326,4.53576,10.25332,5.43966,4.59402,3.87208,7.85519,5.46125,9.70814,3.08096,7.4177,2.83031,10.30983,6.82378,9.58341,1.53529,1.50778,9.40477,2.90404,10.56337,6.41089,8.80713,8.80452,7.35256,4.7229,0.63909,7.16754,0.24399,3.31095,7.00197,2.20223,7.07694,8.29086,4.64564,3.57706,0.93755,1.96499,4.91579
R21043084,2.87648,7.30869,0.5309,4.98788,4.67596,1.56685,7.54228,4.48717,6.65438,2.87168,8.14922,8.31252,3.90139,10.66482,5.86674,0.513,4.44479,9.61538,5.06562,6.83647,2.77358,7.44262,3.4595,8.48377,7.25652,5.58625,1.81012,1.02954,9.0332,3.69688,9.52751,6.98418,6.57428,6.78853,6.95572,4.43978,0.6735,3.23386,0.37626,2.853,7.07396,1.91689,6.92187,7.81442,4.70133,3.86427,0.41266,2.31699,4.21317
R21043086,5.76307,6.92462,2.99571,4.95502,6.3489,1.88673,7.88859,4.99901,6.35543,3.90175,8.52057,10.41007,5.17198,10.69006,5.84979,3.3636,3.86445,9.74212,5.36819,8.71583,3.34951,7.22718,3.26948,10.21876,7.26685,9.47894,1.73705,1.41139,9.77638,3.07886,10.19486,7.78795,9.57262,8.78732,7.69132,5.94241,0.94045,7.3159,2.90205,3.35558,6.96681,2.29886,6.87688,7.76477,5.73921,3.87794,0.77155,3.08612,5.37618
R21043088,4.11713,7.15132,3.06879,4.99096,6.22754,1.91022,7.37761,3.41924,6.73174,2.0811,8.42765,9.95947,4.48533,9.89442,5.4631,2.03549,3.74352,7.3328,5.59935,7.69799,2.58702,7.42615,2.73451,10.3955,7.38352,9.39313,1.58722,1.23543,8.5085,3.51305,10.49985,7.47296,9.84641,8.69543,6.61283,5.7971,0.22449,7.02095,0.57665,3.04592,6.98,2.01305,6.76005,7.47075,4.59347,3.89116,0.64071,0.70104,4.75282
R21043090,3.8589,6.71707,1.63671,4.56647,5.48534,1.29741,7.74074,5.30925,6.22058,2.74437,8.84393,8.47058,4.196,9.54205,4.70906,5.55377,4.62404,7.26762,5.38439,8.31461,2.28653,7.35858,2.32635,9.01389,7.24672,7.85774,1.66945,1.17812,9.74833,3.48233,10.86111,6.56572,7.73633,7.2361,7.08973,4.14865,0.63909,5.53204,0.25091,2.97988,6.5431,2.12723,6.68812,7.64833,3.78754,2.77124,0.51742,1.09738,4.57293
R21043092,3.90217,6.56894,2.90086,4.50315,6.27102,1.58993,7.73956,2.68029,6.47532,2.21596,8.31997,9.54743,3.90311,10.87953,4.67931,2.5834,3.55266,7.66902,5.51796,8.08728,2.53356,7.09035,2.86448,9.92533,7.4644,8.86213,1.45027,0.90759,9.42785,3.08081,10.60801,7.42237,8.63523,8.38113,7.39832,5.47223,0.89928,6.41111,0.41854,3.39029,6.82353,1.74543,7.08961,7.79039,4.17414,3.47489,0.81985,0.70939,4.34861
R21043094,4.54071,7.15645,3.41788,5.09243,6.33141,1.56971,8.15132,4.5004,6.97495,3.00695,8.0317,9.66703,5.82847,11.24911,6.4325,2.7796,4.40094,10.00612,6.1652,8.85883,3.43268,7.9429,3.74175,10.11791,7.52981,9.35461,2.06361,1.62226,9.17374,3.06523,11.11049,7.35868,9.2881,9.10297,8.48053,5.2607,0.54912,7.11875,0.66803,3.34096,6.82273,2.67405,7.17497,8.16406,6.04642,3.46167,0.69147,3.12581,5.97885
R21043096,5.26951,7.14596,2.38909,4.78707,5.84265,2.03443,7.9453,5.38414,6.5782,2.83798,8.30591,9.33374,4.33037,9.68259,4.75335,3.08116,4.04997,8.71066,5.64397,11.39649,3.2391,7.55649,2.36087,9.6061,7.47156,8.1718,1.62654,1.21779,9.05718,3.5709,10.72593,7.47211,8.86414,7.79462,7.12681,5.74203,-0.03278,6.03643,0.56621,3.38223,7.03752,2.24519,7.36248,7.66717,4.11929,3.96179,0.94756,1.25754,5.64833
R21043098,5.11319,7.35582,2.89111,5.10925,5.63322,1.74271,8.61868,5.57237,7.00714,3.19589,8.33789,10.48842,4.80801,11.50785,5.43801,2.21417,4.18252,8.12661,6.43815,8.72505,2.78488,8.31448,3.05755,10.22624,7.33352,8.88068,1.86533,1.22637,9.3901,3.53558,11.12427,7.70529,9.60704,8.48448,7.60998,5.22693,0.4686,7.66312,0.66171,3.85801,7.06014,3.11624,7.21665,9.55382,4.47176,3.83425,0.93852,0.89232,5.21378
R21043100,6.23973,6.94866,2.51141,4.57766,6.29831,1.98541,8.53484,5.52583,6.31781,2.88408,9.10745,9.05951,4.98669,10.71362,5.08845,3.70197,3.83585,8.19503,7.77054,9.86658,2.80228,7.90657,2.56909,10.33655,7.41998,9.80874,1.40334,1.38962,9.25504,3.35094,11.33762,7.4334,9.36743,8.8609,7.38382,5.69215,1.19279,7.58033,0.38199,3.25205,7.13452,2.57823,6.86796,7.96953,4.05047,3.62786,0.94148,2.79839,4.88275
R21043102,4.64984,6.92276,3.46351,4.78515,6.38041,1.81667,8.71534,4.25233,7.17225,2.99246,8.47095,10.88725,5.19882,9.87194,5.16873,3.10178,3.90669,7.94057,5.9962,9.61278,2.62726,7.79426,2.96551,10.50277,7.65807,10.15143,2.06382,1.06537,9.3218,3.06178,10.99216,7.41194,9.3842,9.52162,7.1753,5.49949,2.98729,8.53376,0.51564,3.30228,7.65732,1.95247,6.92449,8.02736,4.32387,3.20053,0.97514,1.13457,4.684
R21043104,4.44994,7.60596,2.35255,5.68426,6.3099,1.83231,7.22782,4.3647,6.55003,3.05784,8.04425,9.34144,4.1264,10.23545,5.47377,2.4265,4.07955,8.81074,6.32828,6.32849,3.96601,7.79102,3.60437,10.15975,7.6408,8.45467,2.15324,1.50697,10.13679,3.42334,10.78036,7.60367,8.87638,7.25252,8.10996,5.88902,0.07299,6.33328,0.35792,3.72932,7.27137,2.53572,7.2173,7.57355,4.4185,3.71391,0.84247,3.77933,5.49323
R21043106,5.12229,7.06928,3.91737,4.75875,7.01423,1.84895,8.75515,4.69939,6.70396,3.02934,8.35261,10.3008,5.21229,9.76757,5.87286,3.76318,2.63658,8.57518,6.21453,8.08592,3.29394,7.53818,2.8441,10.4617,7.61238,9.75977,1.83792,1.68775,10.10918,3.11551,11.4134,7.74047,9.72174,9.17777,7.48778,6.28307,0.49397,7.76743,0.42437,3.62825,7.4263,2.48118,7.06022,7.95599,5.91478,3.50278,1.29311,0.12257,5.22233
R21043108,4.84497,7.20002,3.3856,5.01134,5.84189,1.93988,8.41537,4.9993,6.87151,3.09526,9.15086,11.2678,4.70403,10.95069,4.91424,3.71041,4.90078,9.29037,5.69933,6.74933,3.24974,7.61953,3.39621,10.62716,7.71741,10.87579,1.65601,1.37264,9.47471,3.51932,10.86462,7.67505,10.43017,9.80981,7.62465,5.50658,0.70399,8.34125,0.67219,3.11247,7.59552,2.69614,6.84501,8.92409,4.63911,3.7359,1.00409,2.45982,5.48552
R21043110,4.36384,6.7102,3.18647,4.50733,5.86598,1.27972,7.15217,3.53665,6.28144,1.75298,8.40812,10.53753,4.49622,10.24583,5.38376,2.26278,3.72505,7.31687,4.66952,7.71505,2.29865,6.93792,2.69856,10.03687,6.9415,8.91126,1.42162,1.01594,8.23971,2.97741,10.29878,7.16891,9.24097,8.10109,7.30958,5.42539,0.1345,6.6648,0.25554,2.86997,6.89381,1.77665,6.52775,7.98126,4.98645,2.90377,0.76468,0.8167,4.84461
R21043112,5.20667,7.09037,2.64998,4.91836,5.66318,1.54247,7.35124,3.57672,6.47072,7.28005,9.16706,9.75663,4.39503,10.85508,4.82262,1.642,5.77727,7.57634,5.40828,7.59145,2.88664,7.28044,3.05565,10.05944,6.90355,9.03018,1.64014,1.47317,8.22856,3.57983,10.7234,7.25781,8.99777,8.75386,8.03836,4.92424,0.91187,6.95431,0.36324,2.91809,7.01202,2.17612,7.04904,8.67151,4.36558,3.5894,0.67885,1.50598,4.86295
R21043114,4.83011,6.79766,3.00151,4.58556,6.50212,1.55857,8.11469,5.02998,6.34813,2.76075,8.68626,8.6694,4.90025,10.16354,5.40909,4.0174,3.59924,7.43922,5.84012,7.04876,3.0316,7.70654,3.18955,9.9992,7.31732,8.61336,1.30648,1.57026,8.22921,3.32441,10.64382,7.18526,8.73716,7.5518,7.18496,5.74456,0.42158,6.45822,0.55943,3.05273,7.1589,2.552,6.89863,7.58593,4.93117,3.10384,0.76071,2.60363,4.76718
R21043116,5.49134,6.89863,2.32909,4.33074,6.28161,2.03126,7.55005,4.36138,6.50693,2.51115,8.61008,9.66235,4.85019,10.00157,5.2257,2.81825,3.91591,7.98978,6.12723,7.22004,2.48007,7.45376,3.04124,10.18639,6.98131,9.91497,1.65282,1.33875,8.93844,2.98945,10.77077,7.26533,8.98298,8.70615,7.22276,5.6339,0.35942,6.88828,0.46853,3.44438,6.85484,1.97206,6.9223,7.52645,4.38985,3.57382,1.22773,0.40071,4.87229
R21043118,5.24174,6.95451,2.69644,4.75783,6.38794,1.73485,7.57838,4.57379,6.5701,2.16346,8.58288,9.87059,4.66346,10.05341,5.09155,2.2799,3.98477,7.55806,5.45134,9.67776,2.61011,6.78117,3.03948,9.99616,7.15498,9.55412,1.41167,1.43807,9.64596,3.46229,10.99283,7.38376,8.71007,8.6438,7.2556,5.27873,0.22769,6.71482,0.50805,3.07963,7.09683,2.17141,6.82326,7.3906,5.06366,3.2559,1.11048,1.04523,4.71343
R21043120,5.30589,7.36936,4.13349,5.25004,7.09141,2.57321,8.69645,4.75552,7.28865,3.14865,9.04937,11.37031,5.7048,10.19418,6.55903,3.23123,4.56564,8.44187,6.33535,11.5489,3.909,7.95103,3.1907,10.54291,7.9835,10.67101,2.17875,2.00694,10.54221,3.31776,10.96699,8.12238,9.94625,9.35727,8.31067,6.15521,0.40169,7.92274,0.76172,4.07036,7.43976,2.83244,7.68217,9.04961,6.03258,4.31337,1.01679,0.85962,6.145
R21043122,4.55857,7.16273,3.30856,5.05772,6.48229,2.06835,8.49332,6.27918,7.13841,2.74959,8.62144,11.15328,4.67286,10.25787,4.97765,2.58419,4.54346,7.29206,5.86825,8.35807,3.68242,7.7487,3.25441,10.12828,7.19303,10.15458,1.81966,1.65293,9.14215,3.57591,11.01698,7.57805,9.44609,9.36726,7.86925,5.0652,0.52134,7.30314,0.3999,3.50485,7.04348,2.67716,7.36456,8.1039,5.06434,3.79581,0.89635,0.96479,5.52416
R21043124,4.7009,7.44237,0.61507,5.20745,6.89639,1.7304,7.55735,5.07259,6.87964,2.311,8.61916,8.42364,5.76783,10.95492,6.12236,1.9354,5.15846,7.89589,5.54021,7.77729,3.36827,7.75266,3.65203,8.74469,7.79027,5.59595,1.75046,1.28178,9.81677,3.74075,11.38952,7.82589,6.27113,7.17681,7.76061,5.31916,0.68774,3.20068,0.40907,3.62706,7.66851,2.81344,7.72104,8.25824,5.03611,4.4761,0.75789,0.32792,5.91109
R21043128,4.87032,6.95714,3.26748,4.85106,6.0341,1.44974,8.6043,4.95606,7.08599,2.31802,8.62129,11.19356,5.22951,10.11601,5.16837,2.69009,4.10376,8.38521,5.71878,6.69642,2.06053,7.51361,2.95677,10.42286,7.61535,10.33676,1.75212,0.79102,9.65661,3.14889,10.87588,7.35233,9.7606,9.42431,6.85964,4.31436,6.33092,8.25549,0.45855,3.32592,7.45603,2.18613,6.79206,8.56331,4.66421,3.18345,0.82568,1.58138,4.52815
R21043130,4.1343,7.27381,3.39572,5.31577,6.37792,2.01149,7.10998,4.27036,6.81723,2.52964,8.30403,9.52503,3.65661,10.96486,5.21995,0.9408,3.91725,7.43987,6.05083,6.09857,2.97261,7.64729,3.32676,10.17572,7.41199,9.56564,1.52481,1.66896,8.29455,3.31911,10.70339,7.56258,9.45104,8.21011,7.89829,6.13085,0.23552,7.61803,0.46989,3.30849,7.03782,2.45382,6.94665,8.69631,5.59189,3.77588,1.04461,0.49318,4.83411
R21043134,5.18401,6.97426,3.38854,5.04441,6.19609,1.91372,7.92022,4.36679,6.70046,2.23113,8.65158,10.38891,5.67934,10.56193,6.17034,3.11314,4.10293,7.60148,5.89042,7.10312,3.18692,7.56302,3.04706,10.61191,7.65916,10.2231,1.7891,1.2126,9.4153,3.52291,10.86525,7.58782,9.40029,9.57808,7.49269,5.76715,0.96807,7.32027,0.28706,3.19966,7.20891,2.34428,6.73172,8.21819,5.02805,3.78037,1.0887,0.68739,4.69905
R21043138,4.16991,6.87184,2.72753,4.92329,6.48796,2.05163,8.01051,3.83951,6.75852,2.69119,8.18816,9.51926,5.35996,10.30064,5.95931,1.18765,4.19789,7.91782,5.01319,6.44767,2.05464,7.56756,3.19911,10.24821,7.62375,9.60953,1.77008,1.30469,9.93974,3.55852,10.47146,7.50245,9.29262,9.08695,7.71886,5.38604,2.09172,7.33998,0.39693,3.82881,6.95837,2.4361,6.73735,7.90275,5.60222,3.61588,1.00559,0.2438,4.64465
R21043140,4.8201,7.28011,0.71778,5.07322,6.29917,1.85123,7.33839,4.40378,6.246,3.09608,8.46973,8.41118,4.94352,10.49922,5.81163,2.15884,3.77163,7.15122,5.58092,8.01055,3.53359,7.55442,2.7133,8.98635,6.96755,7.41982,1.72166,1.50155,8.945,3.17816,10.30122,7.62641,8.12539,7.43959,7.9072,5.99411,0.88816,4.85763,0.54124,3.27303,6.77803,2.34337,7.0527,8.16445,5.36736,3.91962,0.64089,0.1475,5.44486
R21043142,4.54813,7.37837,1.57393,5.4345,6.35383,1.78927,6.99777,4.85248,6.73638,2.44026,8.1619,9.02144,5.39283,10.68163,5.68095,1.34725,4.11611,8.14517,5.51628,6.4205,3.07317,7.69886,3.1335,9.31853,7.25954,8.02902,1.96871,1.50594,9.33637,3.9744,10.48326,7.40108,8.82973,7.82683,7.69262,5.79408,0.36207,6.21246,0.70343,3.66939,7.74706,2.77743,6.90884,7.8941,5.31964,4.37516,1.01171,0.29303,5.22672
R21043144,4.50411,7.36689,1.36899,5.26405,5.94084,2.16812,7.59697,3.81074,6.64323,2.48309,8.01577,9.56898,4.36968,10.61921,5.14573,1.1817,3.58642,8.14829,5.14931,7.13153,2.69534,7.5972,2.60669,9.82674,7.24895,8.26454,1.96252,1.19681,9.96879,4.03888,10.40987,7.71421,8.35019,7.97093,7.17897,5.52002,0.09416,5.75226,0.51487,3.1292,7.04537,2.66352,7.04226,7.87664,5.05544,3.77808,0.95681,0.24225,5.20072
R21043146,5.22691,7.11828,2.74615,5.05656,6.58803,2.22211,7.70691,4.13787,7.02282,3.34822,8.50917,10.79948,4.94668,9.86236,5.16414,1.86975,4.77155,8.26857,5.54215,7.77372,2.85021,7.64584,3.31945,10.15375,7.13683,9.38276,1.73289,1.47654,9.53184,3.6558,10.64233,7.54448,8.99117,8.84048,7.72203,5.2986,-0.27027,7.27205,0.78174,3.35333,7.38999,2.34118,6.87639,7.95917,4.92665,3.70918,0.89471,0.298,5.24066
R21043148,3.52985,7.52897,1.4828,5.15093,6.08383,2.21569,8.08621,6.25221,6.99263,2.6397,8.37448,8.9823,3.48038,10.55428,4.7643,1.74184,3.83852,7.61887,6.12549,8.24717,3.54147,8.24478,3.04174,8.42967,7.56091,6.7626,1.89486,1.47686,9.94194,4.15427,11.10344,7.56762,7.92421,7.08526,7.837,5.14983,1.81673,5.00231,0.54888,3.79333,7.18324,3.22942,7.79248,9.29811,4.46309,4.93249,0.80921,1.02012,5.80308
R21043150,4.3985,6.93339,0.68153,4.63548,6.3079,1.75916,7.65139,3.91692,6.48249,2.57657,8.48485,7.60388,4.24434,10.58681,5.01973,2.4696,3.70442,7.91269,5.76699,7.84894,2.25995,7.85651,2.58998,9.03025,7.17588,7.6637,1.41904,1.33758,9.2901,3.34597,10.3896,7.01443,7.80116,7.31347,7.62838,5.03471,0.07325,4.80111,0.27633,3.49518,7.25444,2.27823,7.162,7.24935,4.54891,4.02533,0.83775,0.33592,4.95932
R21043152,3.91833,6.91583,1.85971,4.96294,5.92509,1.7799,8.13802,4.729,6.4116,2.33894,8.08278,10.34111,4.66611,10.6848,5.2394,1.47337,7.2436,8.26542,4.86699,6.50213,2.41665,7.58628,2.40619,9.92616,7.45028,8.41531,1.77859,0.86543,9.23856,3.37001,10.88138,7.51439,7.54266,8.7889,7.51648,5.15569,-0.28705,5.61223,0.35728,2.96426,7.44566,2.46432,6.76561,8.33936,4.7272,3.20018,0.90371,0.72068,5.0492
R21043154,5.47269,7.20792,2.9137,5.28422,6.36957,2.25575,8.24128,5.1991,6.86859,2.86991,8.25662,8.8428,5.24654,10.12656,5.44385,2.21392,5.42102,7.55562,5.33832,7.04556,3.09613,8.32068,3.61318,9.77054,7.5653,9.25212,1.8065,1.50008,9.64867,3.76366,10.92055,7.89636,9.71447,8.46019,7.21312,5.20889,0.67264,7.14397,0.59023,3.54309,7.12883,2.87265,7.22509,7.58626,5.06894,3.82556,0.79365,1.23169,5.79103
R21043156,4.09774,7.45624,2.35102,5.17718,6.42756,2.41438,8.01968,5.02002,6.84441,2.4838,8.27957,9.26346,4.99286,10.01746,5.75,1.31597,5.32113,8.12218,6.1324,7.59393,3.10454,8.11238,3.74056,10.25829,7.13664,9.31208,1.64579,1.67379,10.03129,3.36063,10.43132,7.69946,9.53293,8.70558,7.66172,5.97325,0.55556,6.456,0.85656,3.78133,7.44116,2.7112,7.02868,7.69437,5.62726,3.83175,1.07337,0.32534,5.45042
R21043158,5.47016,6.44978,1.70684,4.39671,6.20742,1.8374,7.84601,3.74556,6.46978,2.14275,8.36628,9.48988,5.19396,10.48971,5.07327,1.85089,3.15684,8.04765,5.77236,6.8904,2.55963,7.45264,2.79812,10.07997,6.85711,8.143,1.21874,1.1859,7.73751,3.12529,10.82066,6.91814,7.50744,8.44771,7.77353,5.31252,0.38344,5.50931,0.75852,3.36663,6.63992,1.8578,6.75786,7.8485,4.52706,3.37053,0.69311,0.63473,4.73764
R21043160,5.21935,7.20293,1.50351,4.73025,6.61257,2.01509,7.72554,4.64881,6.78867,2.62711,8.47833,9.44017,5.4831,10.19426,6.10147,2.27553,3.9495,7.8087,5.78496,7.70686,3.07804,7.96062,2.87895,9.44102,7.53458,7.63195,1.50069,1.57428,8.99642,3.45791,10.68139,7.56771,8.23151,7.17032,7.34892,5.65576,0.8908,5.84343,0.45919,3.13414,7.01828,2.40668,7.21336,8.46304,4.87968,3.86127,0.11258,3.97218,5.1589
R21043162,4.38374,7.0482,1.78676,5.02473,5.87164,1.48673,7.00284,5.17628,6.40328,2.98954,8.71002,9.5172,3.41061,10.19827,4.63541,2.01404,3.26229,7.80494,5.04312,7.54777,2.6338,7.22026,2.79794,8.90197,7.19892,7.03893,1.46131,1.21611,10.33438,3.41979,10.65818,7.74218,7.87749,7.49549,7.0956,5.64039,0.66256,4.73102,0.46258,3.30985,6.8399,2.4287,7.01469,7.84995,4.44733,3.59882,0.95742,0.87576,4.76507
R21043164,4.81505,6.82603,1.23204,4.83756,6.20804,1.78638,7.45313,4.47183,6.46429,2.73166,7.63,9.00454,5.52684,10.22777,5.02909,1.28847,3.25719,7.62903,4.95873,6.351,2.79061,7.62275,3.07643,8.51157,7.64466,7.25931,1.69098,1.23658,7.79256,3.98688,10.24817,7.20321,6.90325,7.17183,6.84845,5.09806,0.04039,4.73518,0.21657,3.35547,6.75303,2.14363,6.86108,7.93658,4.61014,3.88884,0.70048,2.13318,4.75499
R21043166,4.34326,6.70853,3.15603,4.47944,6.40641,1.37512,8.14282,4.30018,6.82631,2.73537,8.89848,9.48334,4.8225,10.06169,5.35688,3.59927,2.9572,12.49684,5.05766,8.34317,2.55266,7.29885,2.40917,10.60121,7.45068,9.71368,1.76975,1.47318,9.95323,3.072,10.45303,6.93587,9.99381,8.90056,7.32658,4.59359,0.90477,7.40292,0.49542,3.43601,7.03385,1.87214,7.08668,8.67789,4.61306,3.47533,1.13671,0.45245,5.08627
R21043170,9.07169,7.36396,2.30669,5.20296,6.90617,2.30733,8.12759,5.03463,6.48169,2.21621,8.98627,9.65518,8.40452,10.49791,6.23804,1.99917,3.41843,8.38555,5.89748,7.99482,2.95796,7.94478,2.59867,10.36896,7.29147,9.0439,1.67496,1.86469,9.16187,3.22439,11.53181,7.44206,8.24048,9.14352,8.2421,6.44907,0.8582,6.40271,0.78119,3.26526,7.14986,2.84524,7.33039,9.73114,5.27766,3.93294,1.00023,3.52901,5.43429
R21043172,4.05904,7.34436,2.4527,4.97755,6.46131,1.83715,7.84173,3.59703,6.64368,2.35864,8.24062,9.80258,4.46134,9.26789,5.0906,1.22841,4.48937,7.83581,5.53294,8.03712,2.93247,7.42232,3.46572,9.75612,7.38428,8.30104,1.71261,1.47333,9.97732,3.68629,10.53492,7.61679,8.787,7.95712,8.34943,5.10998,0.36351,6.20439,0.3253,3.66712,7.13091,2.31577,7.46298,7.23821,4.86094,4.1733,0.72926,0.42903,5.08808
R21043173,5.17777,7.28926,1.95871,5.03441,6.65192,1.69951,7.83871,4.42093,6.57227,2.70721,8.16604,9.34071,5.62608,9.72488,5.28841,2.93949,3.9997,7.78697,6.19851,9.86761,2.68783,7.62432,2.75694,10.23856,7.66266,9.10535,1.50642,1.39996,9.80706,3.15435,10.999,7.569,9.27317,8.73742,7.46406,5.40029,1.55584,6.60891,1.17427,3.44711,7.30114,2.10295,6.99952,8.25808,5.43109,3.40068,0.93669,0.29207,5.16004
R21043174,4.15941,7.06329,0.88671,4.85611,5.75691,2.04461,7.58532,4.00137,6.09171,2.32109,8.13067,8.45909,3.89538,10.59996,4.94757,2.11731,3.61619,7.41891,5.39094,8.07384,2.89158,7.03982,1.83988,9.79816,7.69092,7.2186,2.01895,1.41668,9.51984,3.18958,10.90707,7.33031,6.98311,8.47625,7.64257,5.40693,0.71896,4.92805,0.31427,3.28566,7.36106,2.62188,6.97959,7.57841,4.69955,3.49884,1.10557,1.07247,4.85654
R21043175,5.33936,6.61058,2.27722,4.67523,6.48894,1.6958,8.17765,3.43147,6.54227,2.79505,8.68895,10.08037,5.82785,9.34853,5.88054,3.54703,3.89432,8.03703,6.4734,8.71832,2.5166,7.76427,3.01966,10.53472,7.25947,10.43616,1.38137,1.35007,7.49296,3.09953,10.30194,7.21145,8.9064,9.64848,7.64425,4.98328,-0.37304,7.63426,0.41637,3.72035,6.98691,2.06906,6.81327,8.57584,5.25117,3.51808,0.66672,1.35372,4.74313
R21043176,5.22624,6.88161,2.52195,4.63305,5.97077,1.86329,7.76146,6.32263,6.70627,2.5927,8.80102,9.5892,4.94916,10.32242,5.10052,2.11429,3.66046,7.48448,5.26234,6.63943,3.35636,7.81112,3.12017,9.90114,7.35278,7.74354,1.59157,1.55903,4.91705,3.40048,10.54771,7.19081,8.53792,7.75238,7.37857,5.54118,0.91734,5.95024,0.3461,3.6261,7.0624,2.20673,7.01143,8.69344,4.27731,3.61661,0.64722,1.15376,5.07819
R21043177,4.61392,7.80295,3.15509,5.28415,6.32976,2.02231,9.29028,6.35282,7.05578,3.47555,8.65619,10.9421,5.70855,10.91539,6.75752,4.37334,4.34725,7.78838,6.89438,8.84153,4.64204,8.31889,3.40926,9.64742,7.36937,8.70746,2.51382,2.51027,10.64423,3.67363,11.04423,7.54573,9.76711,8.78978,8.62599,5.33197,0.50389,6.81267,0.79236,4.24964,7.17133,3.53958,8.36601,9.4965,5.91129,4.90559,0.77415,2.88232,6.65992
R21043178,4.86828,6.76154,3.19035,4.35273,6.60348,2.32552,9.32096,4.76745,6.46699,3.1087,9.11038,9.56671,6.1806,10.04252,6.22335,5.8235,5.75721,9.37488,5.92772,7.26882,2.78525,7.74275,3.52596,10.18155,6.84811,9.59891,1.8395,1.86167,9.32399,3.69738,10.87423,6.67617,8.81861,8.94385,8.02171,4.64428,0.80773,6.8423,0.49561,3.67371,7.04709,1.89686,8.20994,8.34055,5.39604,3.83701,1.09604,5.14368,4.75567
R21043179,4.95046,6.69496,2.2363,4.91197,6.30128,1.94918,7.70625,3.87283,6.50534,2.75546,8.29392,10.83578,5.38208,10.79278,5.72099,1.80181,4.08963,7.6596,5.64063,7.80462,2.71114,6.81975,3.19171,9.56074,7.20049,8.71274,1.53887,0.89806,9.3985,3.20989,10.77275,7.6651,8.35542,8.13874,7.15846,5.15521,0.00493,6.11036,0.35516,2.87355,6.86099,1.90838,7.13586,8.14587,4.54326,3.35232,0.67918,0.57856,4.81461
R21043180,4.96087,6.98264,2.63242,5.00245,5.1235,1.98049,8.36831,4.64998,6.34898,2.30021,8.39822,10.61163,4.64158,10.17694,5.3052,2.94517,2.74002,7.52698,5.34754,9.23758,2.94889,7.4827,2.57179,10.49094,7.38963,10.11523,1.68227,2.34694,10.13877,3.47269,10.98819,7.35137,9.70876,9.20843,7.22422,5.39707,0.40395,7.84274,0.54627,3.47722,7.04368,2.35487,7.27231,7.81086,4.6435,3.71391,0.93078,2.42622,4.66743
R21043181,4.22782,6.96839,3.79256,4.81263,6.13097,1.86262,8.67077,5.43723,7.01022,3.25237,9.0776,9.76156,4.56284,9.56221,5.76116,5.48278,2.76241,12.23054,5.90071,7.729,3.00443,7.50432,3.26306,9.99014,7.5632,9.36554,2.19237,1.66993,9.48373,3.23805,10.44594,6.16275,8.88425,8.31047,8.10875,4.70103,-0.12674,7.37071,0.49678,4.01151,7.44181,2.27666,7.50951,8.54576,5.4157,3.46894,0.90733,3.57159,5.544
R21043182,4.39564,7.1418,2.33091,5.12096,6.6536,2.5454,7.10995,3.79495,6.52616,2.44888,7.89276,9.18792,5.03098,10.16516,5.9871,1.06742,4.24213,7.81764,5.24921,5.73412,2.0561,7.45965,2.56601,9.44652,7.54043,7.88271,1.68792,1.43428,4.45168,3.34976,11.00862,7.77126,8.13632,7.56557,7.18969,6.03198,0.4028,5.49712,1.54068,3.50172,7.20604,2.42546,6.65444,8.04427,5.32463,3.22663,1.02345,1.86812,4.63336
R21043183,4.38925,7.03331,1.40918,4.76479,6.05628,1.79345,7.17241,4.22437,6.49282,2.18737,8.11707,8.04908,4.36126,10.77666,5.24964,1.27018,4.35001,7.67527,5.33391,6.26381,2.38483,7.33513,3.19121,8.92093,6.82974,7.09972,1.4382,1.33526,9.90135,4.05804,10.63526,7.26978,6.63737,7.283,7.47103,5.11042,3.96666,4.10713,0.37263,3.28643,7.41664,2.33537,6.84675,8.21983,5.54684,3.91773,0.55998,-0.16165,4.57043
R21043184,5.04773,6.82034,1.96392,4.79323,6.41899,2.17341,7.54786,4.99511,6.81785,2.75643,8.96477,8.99366,5.19373,9.7286,5.26431,2.96824,3.11251,10.39587,5.75385,7.76213,2.87069,7.45302,3.66484,10.29861,7.1178,10.07937,1.56949,1.46562,9.41286,3.42571,10.96295,7.36071,9.30781,9.14384,8.13492,5.12265,0.95342,7.76836,0.66279,3.46629,6.72281,2.59153,7.13175,7.6075,4.85748,3.45232,1.1619,0.27183,5.34525
R21043185,4.55057,7.6425,2.05947,5.05697,6.04143,1.8753,7.88227,5.06311,6.68293,3.35026,9.37977,8.76334,4.31471,9.62342,4.85245,3.23951,4.66092,8.21066,6.24228,9.64503,3.15424,8.4558,2.66868,9.76854,7.30952,8.32874,1.86486,0.96106,10.7062,3.72052,11.50352,7.09779,8.76074,8.21953,7.90317,5.15929,0.46893,6.25393,0.64398,3.42359,7.50408,2.62479,7.62728,7.30733,3.8028,4.38825,0.67679,0.9214,5.94133
R21043186,5.86665,7.03727,3.13467,5.03347,6.30237,1.8163,7.29517,4.22554,6.59904,2.39511,8.8189,9.74565,5.43912,10.832,5.39646,2.17257,4.08325,7.83487,5.79284,6.12016,3.18901,7.63131,2.91408,10.49745,7.50915,10.14153,1.38142,1.2057,7.02187,3.45225,10.86564,7.65184,9.25535,9.49255,7.16664,6.236,1.23287,7.32394,0.55709,2.97634,7.26128,2.20151,6.84476,9.99017,4.80068,3.53034,0.68712,0.33094,4.8848
R21043187,5.24449,7.06904,3.39567,4.61529,6.41697,1.92861,9.46932,4.99992,6.86798,2.97702,8.56302,12.01858,5.98184,9.81053,6.06063,3.86428,3.02421,8.50325,6.2774,8.80791,3.32061,7.43412,3.14238,10.34776,7.30391,10.03524,1.70734,1.72558,8.35068,3.09963,10.83635,7.00668,9.96809,9.74678,7.81586,5.42713,0.48633,7.93767,0.40909,3.20748,7.12054,2.57633,7.15411,8.33919,4.95286,3.96636,1.244,3.86216,5.65134
R21043188,5.31541,6.62299,3.08582,4.48705,7.01636,2.72397,7.90127,4.20544,6.32634,2.37088,8.97609,8.979,5.87318,9.82416,6.91044,3.37493,7.9041,8.34297,5.20791,10.63437,2.856,7.28273,3.09664,10.26017,7.47867,8.98817,1.62445,1.50685,9.33791,3.26568,10.23384,7.40439,9.05431,8.09778,7.25517,5.79264,0.71094,7.41001,0.69171,3.35576,7.31604,2.16691,6.83015,8.53326,5.36559,3.8101,0.9398,-0.05331,4.96338
R21043189,4.03573,6.83281,1.54586,4.74208,5.48155,1.73166,7.6533,4.58857,6.60694,2.37599,8.43856,9.08863,3.99873,10.36385,4.75981,3.46074,3.16668,8.75109,5.19399,9.61662,2.65,7.5109,2.41674,9.59844,7.69804,7.7067,1.65088,1.23966,8.63205,3.20828,10.28172,7.20386,6.88888,7.55051,7.24313,5.47655,0.0327,4.77267,0.59284,3.78501,6.97665,2.2342,6.84149,8.33479,4.2542,3.52254,0.86011,0.4734,4.62118
R21043190,6.36672,7.08944,3.24802,4.975,6.55408,2.14895,7.60122,4.67061,6.6454,2.75545,8.44665,10.2901,7.21922,10.01148,5.56452,2.78333,3.41655,7.60711,6.05191,8.4241,2.81091,7.58655,3.2826,10.01655,7.38502,9.01016,1.61053,1.14039,8.81834,3.60549,10.00688,7.02346,9.81759,8.63523,7.57148,5.10748,0.95719,7.40513,0.55233,3.25674,6.9583,2.18414,6.89408,8.24854,5.44618,3.50709,0.78169,0.28168,4.85953
R21043191,5.2723,7.34364,1.53213,5.1043,5.79603,1.91262,7.73273,3.8063,6.279,2.76735,8.29642,8.45175,4.43464,9.97096,4.27538,1.23921,4.32606,7.03135,5.85493,7.33789,3.4264,7.14332,2.5847,10.40723,7.13295,8.58966,1.47414,0.82368,8.01027,3.75747,11.2788,7.40745,6.26223,9.37883,7.52141,5.63418,0.57294,6.99498,0.39302,2.88654,7.31255,2.16836,6.70943,8.54512,4.0602,3.569,0.7011,-0.03886,5.28072
R21043192,4.4014,7.07452,3.09045,4.87152,6.43759,1.97884,8.16847,6.07705,6.65339,2.73121,9.13332,10.44584,4.86575,11.2995,4.59005,2.7911,3.54955,7.5656,5.70975,7.82999,3.07831,7.84631,2.84351,10.2451,7.64682,8.98579,1.78388,1.92786,9.34278,3.40153,10.62265,7.48615,9.19231,8.37097,7.71429,5.42713,1.69003,6.99395,0.61718,3.63644,7.3167,2.90811,6.94273,8.49963,4.67123,4.18032,0.88691,0.89108,5.43458
R21043193,4.99235,7.36889,3.3969,5.09553,6.34619,2.27161,8.78233,4.13362,6.82572,2.24478,8.69204,8.96942,5.19388,9.81851,5.78497,5.63258,4.11647,9.97241,6.37163,6.06217,3.28581,7.53156,3.02643,10.30101,7.54495,9.62815,2.27846,1.95372,8.87889,3.45818,11.01812,6.55488,9.48106,8.91116,8.21341,5.06712,0.6506,7.64532,0.60966,3.84509,7.64777,2.8411,7.63099,8.20741,5.69953,3.83391,0.85339,1.81848,5.85602
