,P10144,O75509,P09038,O75144,P12544,P18627,P15692,Q9UQV4,P09382,P22301,P14210,Q92583,P20718,P09601,Q13241,P05231,Q16790,O43927,P10147,P39900,O76036,O00182,P32970,P01127,P35968,P01133,Q9BQ51,P42701,P09237,P07585,P13500,P50591,P09341,Q15389,P26842,P48023,P05113,P29965,P10747,P01730,Q02763,Q01151,P49763,Q14116,O95727,Q9NP84,P48061,Q8WXI7,P43489
C29ZV1CNT.01,4.32065,7.33379,-0.58329,5.52214,7.27875,2.15828,7.92172,5.92525,7.14007,2.58286,8.30234,10.62315,5.37545,10.88193,6.14718,5.14016,4.77931,8.16522,6.60482,7.3664,3.85005,8.17155,4.2859,9.34315,8.18515,7.72696,2.61654,1.4887,11.87486,4.7961,11.19864,8.39115,8.5172,8.93713,7.83414,5.6591,0.46453,5.63795,0.33441,4.00816,7.3799,3.27271,8.01043,9.65685,5.74196,5.30184,-0.14583,4.75807,5.91013
C29Z67GJS.01,4.86188,7.1652,-0.38229,5.52317,7.35392,2.13188,7.61419,6.6707,7.28317,3.72631,8.29525,10.42784,5.33194,11.77002,6.62027,3.83497,4.33398,8.62662,6.38787,8.27243,3.64145,8.5677,4.81408,9.99622,7.9042,9.28593,2.22972,1.32705,11.99937,4.55831,10.50064,7.99365,8.75534,9.85154,7.2712,6.2335,0.16371,7.37937,1.04904,3.61477,7.55598,3.1016,7.97871,9.40036,5.85041,5.37498,-0.24864,2.77756,6.36262
C29ZVFNVS.01,5.29245,7.00937,-0.53235,5.62405,7.18389,1.98677,8.02431,4.67853,7.04557,3.00334,7.74493,11.04411,4.78845,10.91299,5.4284,1.70915,3.56732,8.38912,6.49541,7.60652,4.04716,8.13665,3.76333,9.78695,8.0082,8.66333,1.28501,1.43256,11.15905,4.22788,10.81472,8.02401,7.92398,9.80688,7.94272,6.23786,0.33828,6.20408,1.1357,3.58944,7.28992,2.71529,7.79491,8.44432,4.91312,5.54915,-0.15378,2.65432,5.89392
C29Z18Z28.01,6.18878,7.36958,-0.62232,5.57262,6.66074,2.65604,7.81205,5.62744,7.32852,3.21662,8.68615,10.83186,3.94432,11.58019,6.101,3.64742,4.74964,8.19785,7.50174,7.51811,4.73021,8.46491,3.78689,9.70463,7.96405,8.94073,1.9531,1.48287,11.78184,4.48825,11.00696,7.87319,7.98908,9.47384,8.18025,6.48113,-0.96798,6.4139,0.67394,3.83818,7.49245,3.29268,8.33393,8.46555,6.13097,5.87926,0.02432,2.89701,6.64033
C29ZQBEEL.01,4.71296,7.5102,-0.28876,5.89478,7.16156,3.57929,8.33482,4.49324,7.37896,2.56796,9.2936,9.22427,4.19641,10.88094,6.45572,3.48398,3.6028,7.92709,6.28855,7.48265,4.57921,8.06569,3.65659,10.14509,8.61873,9.51021,2.4756,1.796,11.93527,4.50431,11.19739,8.45782,8.90949,10.04366,7.84906,6.38917,-0.31521,6.99592,0.87034,4.20469,7.92806,2.95548,7.958,8.57074,5.90619,5.08986,0.06714,3.22094,5.889
C29Z0FXHJ.01,5.73284,6.98624,-0.32011,5.79459,7.22446,2.70616,8.55215,5.23449,6.84698,3.92518,9.35492,11.70851,4.36344,10.76846,5.2581,5.11136,4.4645,10.69181,7.31949,7.48486,3.90172,8.28172,3.96041,9.80678,8.33046,8.89764,1.81285,1.64943,11.37588,4.56373,12.04775,9.22727,8.15789,9.23981,7.69208,6.64008,0.00402,6.65017,1.06548,4.37274,7.4168,2.75991,7.64123,9.01191,5.47319,4.35875,0.22599,3.28252,5.80645
C29ZV8Q2Z.01,3.89596,6.92417,-0.65697,5.3745,5.71271,3.46297,7.40516,4.53473,6.61329,2.36007,7.51465,12.18259,2.36357,11.27234,4.77541,6.12293,3.48415,7.12412,5.07282,6.76602,3.12524,7.55406,3.57905,8.19619,8.3034,6.81375,1.61849,0.82086,11.27348,4.38064,10.355,8.30503,7.66761,7.7392,7.499,5.30401,-0.53768,4.5729,0.13111,3.33428,7.05753,2.35972,7.87765,8.47317,4.72594,5.04229,-0.03487,2.5994,5.24044
C29ZR13CS.01,5.31294,7.14732,-0.51239,6.44966,7.09455,1.92557,7.96622,4.4313,6.40686,2.67016,9.50563,8.56279,5.1614,11.33372,6.95117,2.58416,4.10984,8.47771,6.27862,7.83919,4.01299,8.03383,3.26618,9.47259,7.85944,8.79832,2.05855,1.16227,11.93969,4.5192,10.29263,8.81733,8.45036,9.12219,7.75769,6.45087,0.10662,6.37572,0.89151,4.27526,7.7574,2.65615,8.03669,9.86154,5.63369,4.89556,-0.03057,3.5971,5.78185
C29Z897O8.01,4.86196,6.96862,-0.68909,5.08098,6.54445,1.39753,9.50412,4.41768,7.27832,3.78579,10.31827,10.32709,3.93075,11.16532,5.62028,5.08162,4.47053,8.65296,7.05546,7.20261,3.41555,8.05048,5.07063,10.43409,8.24114,10.79457,1.58601,1.53448,11.58411,4.94365,11.07845,7.98824,9.44322,10.87741,8.01266,5.45988,-0.80582,8.49634,0.21168,3.9725,7.15547,2.47003,8.14167,8.57067,4.64486,5.68183,-0.03387,6.02912,6.54306
C29ZNECV6.01,5.29619,7.60866,-0.77331,5.8321,6.81049,1.92941,8.01126,6.03268,7.44483,3.00819,8.50349,10.68769,5.08438,11.32151,6.23089,2.93257,4.96984,8.71991,6.25859,7.80609,3.95133,8.54101,4.76242,9.76544,7.99745,9.15259,2.03326,1.29842,12.61004,4.81557,10.65739,8.08588,7.99804,9.45592,8.33609,5.68083,2.0619,6.60784,0.77824,3.72366,7.39672,3.13098,8.24323,8.8479,6.02634,5.71128,-0.03043,2.80117,6.43135
C29ZWWKK7.01,4.3059,7.07479,-0.71281,7.4785,6.96704,1.61959,8.2801,4.94624,7.00698,3.00787,8.08462,11.33497,4.71807,10.74518,6.40838,2.23544,4.80672,8.84182,6.56556,7.22704,3.22415,7.96065,4.47584,10.36719,8.18123,10.67029,2.79327,0.96673,11.93064,4.59849,10.64222,8.11969,8.99297,10.45017,7.90778,6.1187,-1.04232,8.41938,0.2311,4.54956,7.7938,2.60824,7.69708,8.52843,5.75643,5.28323,-0.06673,5.50128,5.58631
C29ZFMTLJ.01,3.26847,7.02007,-0.72175,5.18545,6.29556,1.81807,8.93049,4.32156,7.31252,3.49455,10.24158,11.35577,3.02174,11.28787,6.09214,7.429,3.49102,9.94178,7.97642,6.73729,3.26656,7.42213,4.21956,10.55045,8.51888,11.21489,2.45607,0.37569,11.45921,4.03411,10.92279,7.08231,8.73768,10.52586,7.85057,5.41837,-0.66089,8.55749,0.5924,3.97436,7.71,2.03739,8.12604,8.61877,4.79613,6.14144,0.13894,4.26251,5.35582
C29Z67G17.01,6.49729,7.25131,-0.68408,5.23149,8.18085,2.11306,7.81882,7.45899,7.11895,5.84145,9.22541,8.79048,6.31524,12.00548,7.56307,10.57624,4.23351,9.69241,10.68556,6.22333,3.94694,8.78092,4.97782,8.9157,7.8722,7.79373,2.43875,2.36335,11.39816,4.61663,12.48303,8.21145,7.06198,8.26413,7.47751,6.01869,-0.07616,4.74009,0.95239,3.75802,7.62695,2.85232,8.12324,9.92119,5.86395,5.78479,-0.02712,3.52863,5.84072
C29ZY1BKK.01,4.22104,6.68139,-0.48292,5.49104,6.17828,1.09904,7.6535,4.49729,6.88055,4.03975,7.80309,11.26201,3.18087,11.55409,5.55448,2.81978,3.58108,8.30916,6.18567,7.43024,3.37054,7.9037,3.29806,8.68325,8.52667,6.69995,1.61714,0.94421,11.51334,4.22918,10.42539,7.36699,7.68265,8.37014,7.28587,5.56767,1.39974,4.70284,0.41495,3.45226,7.29465,2.38486,7.26078,8.10343,4.87023,5.02924,-0.314,2.87013,5.10738
C29ZXZKSO.01,5.48138,6.97635,-0.11311,4.73389,6.84281,1.28697,7.94588,4.61382,7.17103,2.99286,10.20667,11.82299,3.8189,10.79808,5.26008,4.06682,3.67239,7.77217,8.46341,7.3438,3.83159,8.05553,4.00767,10.41365,8.70925,11.35118,1.78883,1.05939,11.52239,4.25092,10.28876,8.22388,9.58253,11.15445,7.4578,6.24317,0.69633,9.47361,0.3231,3.474,7.47006,2.05006,7.84944,8.30714,4.19177,4.70543,0.05455,4.71912,5.75666
C29ZQBEI2.01,4.21663,7.59521,-0.52215,5.69202,7.14675,3.48932,8.1055,4.29449,7.28768,2.51157,8.94123,9.87936,4.00451,11.20706,6.51493,3.03641,3.92568,8.09951,6.64635,7.02456,4.20692,7.87701,3.56328,10.39422,8.99521,10.29308,2.36015,1.58243,12.00661,4.46921,11.01905,8.54409,9.10843,10.4527,7.97373,6.81387,-0.03085,7.7567,1.07634,4.15001,8.0984,2.90031,7.99237,8.64629,5.89806,4.68531,0.4075,4.58741,5.88455
C29Z0FXQ0.01,4.50789,7.20317,-0.8935,5.96014,7.25415,2.07025,7.50781,4.55412,6.94449,2.95941,8.91019,10.36742,3.79413,11.00494,5.20847,2.15244,4.72057,8.79621,6.26211,6.35317,3.39592,7.95959,4.68795,9.99784,8.578,9.03308,1.78527,1.11614,11.65611,4.58863,10.45992,8.27353,8.2811,9.41445,8.11145,6.3068,-0.33423,6.70108,0.9812,4.19101,7.57956,2.87773,7.62106,8.84848,5.03197,4.80836,0.02,3.39981,5.87831
C29ZV8QDZ.01,4.62289,7.18334,-0.76428,5.6562,5.98431,3.55356,7.72499,5.05842,6.93669,3.1156,7.93763,10.44311,2.85853,11.51069,5.19597,3.92024,3.81338,7.48099,5.28165,7.18906,3.64298,7.93232,3.9138,9.04442,8.55235,7.76982,1.62832,1.1386,11.46863,4.55509,10.81396,8.60453,8.33036,8.41499,7.87652,5.54843,0.55332,5.61268,0.4341,3.54363,7.3639,2.79355,8.09356,8.98095,4.79627,5.86142,0.37523,3.29761,5.72673
C29ZFXKJS.01,5.25526,7.31809,-0.67458,6.00594,6.7005,1.61886,7.52615,4.36765,7.20811,2.60082,8.90921,11.29459,3.9782,10.89026,6.40085,2.73028,4.67182,7.71821,5.83203,6.52105,3.74369,7.68619,3.8269,10.24296,8.45612,9.55233,1.88654,0.92978,11.87543,4.60216,10.44104,8.72006,9.31589,9.86213,7.78423,6.14705,1.2637,7.05972,0.4152,3.28384,7.41383,2.48767,7.74215,8.33024,4.56287,4.9714,0.29844,3.26446,5.12111
C29Z897JK.01,5.29451,6.67827,-0.82832,5.00519,6.1498,0.44288,8.07069,3.63473,6.87208,3.31033,9.28973,12.28355,5.57729,11.47596,5.33435,0.71336,5.54403,9.42341,5.53357,3.33214,2.21779,8.60671,3.6357,10.28509,8.17194,10.32161,0.75833,0.48663,10.61564,4.91733,9.51534,7.80661,7.33517,10.33206,7.31516,4.44026,-0.3102,7.05085,-0.20707,2.84025,7.00449,1.2608,7.36428,8.27474,3.67891,4.75485,-0.59845,5.26967,3.64169
C29ZNECY6.01,5.90127,7.68689,-0.70474,6.44724,6.79253,1.93453,7.62018,6.57407,7.46164,3.41196,8.62265,11.43613,4.65451,11.34496,6.18242,1.64599,4.87658,8.83237,5.76452,7.83135,3.80499,8.44873,5.01764,10.2719,8.27856,9.91959,2.48248,1.18987,12.67194,4.99146,10.86115,8.41793,7.95145,10.01185,8.3929,5.63973,1.9526,7.21684,0.78758,4.14964,7.56243,3.25124,8.28295,8.64655,6.07605,5.57586,0.15915,2.93002,6.41481
C29ZWWKDU.01,4.00101,7.12278,-0.4879,5.70373,6.59177,1.49523,7.80054,4.48503,6.7924,2.26852,8.39534,10.79156,4.13848,11.85496,6.20279,2.10458,4.66603,8.72619,6.10292,6.94511,2.62051,7.97513,3.79857,10.26149,7.93314,9.98425,1.56702,0.70633,11.78378,4.51977,10.44592,7.87245,8.982,10.09862,7.55684,6.05671,-0.37635,7.57672,0.38477,3.81311,7.70828,2.29992,7.29558,8.57333,5.03418,5.36174,-0.03916,3.93934,5.10967
C29ZFMT1D.01,4.30675,7.07782,-0.12467,5.56631,6.93336,1.63454,8.6986,4.61351,7.48996,3.5454,9.60234,10.25919,4.31998,11.35119,6.14485,6.55689,3.28017,9.32775,8.733,6.78917,3.437,7.97935,4.65472,10.51638,8.55809,11.40099,2.57582,0.58428,11.76993,4.29774,12.85928,7.4488,8.71169,10.61125,8.33002,5.9885,0.1896,8.26286,0.82993,4.04553,7.92847,2.5209,8.22817,8.89597,5.04224,5.5178,-0.10155,3.36337,5.58904
C29ZP1PXO.01,6.95185,7.16407,-0.36062,6.25781,8.12944,2.78436,9.06933,5.52981,7.80801,5.03496,10.08284,11.6321,8.17079,11.026,7.13965,12.37736,4.25816,8.69879,13.32689,8.15543,4.27247,8.79937,5.13928,10.44501,8.81249,10.73519,2.69061,2.56902,11.78855,4.71931,13.72014,8.19506,10.88892,10.80554,8.31443,6.82742,1.7791,8.27166,1.38388,4.36611,7.73386,3.5758,7.91394,9.04142,5.70177,5.24218,0.55946,4.48496,6.09663
C29ZY1BNA.01,4.63802,6.76117,-0.2199,5.51014,6.71118,1.36621,7.79072,4.79107,7.1133,2.5881,8.6017,9.0728,4.2394,11.40405,5.9105,1.84131,3.85414,7.06969,10.09035,6.99191,3.26791,7.89061,3.39174,9.03034,8.65927,7.65876,1.30847,0.9538,11.66494,4.37164,10.28624,7.71283,8.00122,8.62788,7.46319,5.80487,0.38994,5.40375,0.19416,3.68262,7.44873,2.37587,7.33491,8.07385,4.94847,5.1138,-0.28218,2.12775,5.20534
C29ZXZK25.01,7.65419,7.01566,0.01544,6.01126,9.40345,1.59274,9.10514,6.09274,7.70077,2.98989,11.03613,12.36979,7.51366,11.5049,6.03878,7.33538,3.77147,9.50588,10.34105,8.33592,4.86758,9.34863,5.24101,9.99758,8.78297,11.88739,2.65106,3.00666,12.29411,4.50624,10.29814,8.67113,10.40154,11.12257,9.02852,7.15666,0.41947,9.58827,1.64846,5.40127,7.90436,3.38246,8.02792,10.40427,5.12962,5.24555,-0.25651,3.66556,6.92042
C29Z5VBAC.01,5.09163,7.27448,-0.51602,5.90598,7.63351,2.15384,9.38425,5.73751,7.21259,4.61076,10.68681,11.79908,6.57981,12.37336,5.25161,6.26946,3.88501,11.05939,7.90853,7.09582,3.78601,7.92601,4.08178,10.16328,8.59576,9.23993,2.46875,2.16102,12.15425,4.42798,10.33023,7.86133,8.6933,9.46946,8.47955,6.10391,4.05466,6.78232,1.36974,4.26446,7.77773,2.86986,8.19006,9.34779,5.39263,5.33989,-0.10637,3.19321,6.37513
C29Z0FXV2.01,4.83844,7.18648,-0.7239,5.82813,7.17317,1.94862,7.37814,4.31769,7.03792,3.11694,9.33748,10.39325,3.66595,11.00311,5.2663,3.37478,4.91079,8.69626,7.86546,6.90487,3.32642,7.79198,3.78967,9.84937,8.54518,8.59852,1.79077,0.88572,11.70985,4.65232,10.84525,8.23938,8.24476,9.03577,8.05999,6.34065,-0.33125,5.90571,0.98792,4.08474,7.56442,2.70508,7.57484,8.57048,5.24478,4.92206,0.26261,3.4667,5.5612
C29ZV8QW3.01,4.43405,7.06471,-0.79051,5.59582,5.85923,3.50387,7.37722,4.79815,6.92784,2.74127,7.6867,10.54065,2.56985,11.46611,5.06745,3.34266,3.60647,7.44956,5.11901,7.60968,3.25091,7.87849,3.59122,8.6692,8.33228,6.38995,1.68995,0.91379,11.3114,4.55093,10.7153,8.30201,7.51094,8.33936,7.60182,5.26927,-0.61535,4.61504,0.18349,3.52754,7.27197,2.61176,7.81573,8.86595,4.66483,5.43208,-0.27351,3.13273,5.44903
C29ZFXK2K.01,6.26829,7.23056,0.9541,6.03186,7.72031,1.78624,8.98996,4.87907,7.52042,3.98524,10.50372,9.86009,6.93795,11.24352,7.21908,8.39961,4.74684,9.592,9.43975,5.49389,4.26581,8.87818,4.35741,10.57833,8.36992,10.32527,2.20574,1.48608,11.71873,4.61446,11.47713,8.8896,9.0085,10.17964,8.7202,6.19229,0.87657,7.48915,0.86184,4.6481,7.73853,2.91016,8.03309,9.21874,4.54235,5.37465,-0.27693,3.89463,5.4565
C29Z897B1.01,4.73843,6.80127,-0.61588,5.21191,6.48266,1.05519,8.74164,4.06223,7.30715,2.98265,8.89659,11.35456,4.31907,11.48731,5.99408,5.04191,4.56871,9.43339,9.26485,5.16,2.78558,8.14365,4.39335,10.35295,8.40292,9.70894,1.3436,1.36454,11.67358,4.59075,11.0145,8.48141,8.71352,10.45771,7.49138,5.43738,-1.2027,7.08573,0.17296,3.72688,7.41813,2.00821,7.56427,8.67978,4.15356,4.71358,-0.25307,6.29556,5.23272
C29ZNECF5.01,5.45402,7.67066,-0.79633,5.75544,6.57035,2.06193,7.83014,5.93526,7.3563,3.35114,8.86091,10.36978,4.69798,11.86,6.17913,1.95855,5.19816,8.18841,5.93861,7.81357,3.68254,8.57162,4.62678,10.22676,8.09481,9.82836,1.75142,0.89178,12.63952,4.82532,10.90095,8.35274,7.819,9.87378,8.3645,5.58561,1.67982,7.42939,0.71249,3.90802,7.51999,3.11723,8.24764,8.51754,5.47097,5.40629,-0.01029,2.679,6.16935
C29ZFMT1I.01,5.95248,6.87494,-0.51388,5.08509,7.1877,1.80755,9.29446,4.62757,7.17585,3.58123,9.52291,12.04501,5.53833,10.87941,5.9815,8.52197,3.68853,10.05819,9.46046,7.63917,3.77356,8.26333,3.72546,10.29931,8.54997,9.70648,1.45606,1.45187,11.29477,4.18379,12.51963,7.87576,7.90238,9.99375,8.01851,6.38495,3.28412,6.93901,0.9445,3.72432,7.65342,2.83192,8.07363,8.40565,4.69826,5.15287,-0.04126,3.22587,5.72491
C29ZP1P6Q.01,8.89311,7.3087,-0.38738,5.91284,8.78427,3.09961,8.74184,5.79156,7.52715,5.35932,9.97638,10.0651,9.82655,10.26352,7.53166,12.6511,4.41322,9.14124,13.32573,8.15114,4.56175,8.97812,5.41773,10.46821,8.73975,10.3726,2.27323,2.79641,11.70596,4.35928,13.71897,8.51316,10.47057,10.12963,8.98764,6.97467,0.25958,7.37656,1.70681,4.42876,7.95462,3.70282,8.11076,9.74718,5.91871,5.4274,-0.17662,3.88011,6.33298
C29ZY1BWL.01,4.02392,6.87824,-0.69343,8.59336,6.29477,1.41318,6.93641,5.19657,6.87536,2.12739,8.14579,8.97874,3.52336,9.67184,5.64208,1.67262,3.58837,6.6716,5.71221,7.09074,3.13838,7.91704,3.73793,8.85388,8.23568,6.82411,3.95029,0.69807,11.53594,4.89003,10.40287,7.72801,7.77274,8.24269,7.51863,5.92819,-0.48122,4.52804,0.34329,4.58688,7.33138,2.44064,7.4751,7.90893,5.28548,5.16908,-0.10813,1.89389,5.44685
C29Z19KNN.01,4.75209,6.64234,-1.29694,8.01523,6.69562,1.31949,7.84445,4.51404,6.55592,3.13663,8.34097,12.54697,4.11347,10.18655,6.48421,6.02288,3.81377,8.52403,5.94263,7.40974,2.75196,7.66899,3.65399,9.39628,8.34901,9.25785,4.18391,1.30539,11.94141,4.96356,10.01434,7.52736,7.46719,9.34654,7.0542,6.4399,-1.26888,6.30331,0.40142,4.88881,7.58564,2.46826,7.52412,8.38199,5.33203,4.152,-0.2278,3.49638,5.1876
C29Z5VB6S.01,6.08246,7.44676,0.53399,6.0558,7.55302,2.16477,8.5469,5.576,7.35719,3.27655,8.21255,10.9597,6.07782,11.86162,5.90512,2.87319,4.33053,8.00017,7.60294,7.03205,4.26137,8.46918,4.565,9.8713,8.53921,9.66177,2.29338,2.06719,12.212,4.63547,10.54965,8.27306,8.50412,9.76786,8.3694,6.27957,3.53654,7.24537,0.9924,4.13529,7.54017,3.34629,8.14638,9.22987,5.29028,5.78292,0.02287,2.80048,6.13603
C29Z0FXOE.01,5.04254,7.28125,-0.72956,6.28335,6.35215,2.08433,8.19263,5.07773,6.8936,3.54905,9.55707,10.20322,3.20909,11.29984,4.77821,4.23799,4.2929,8.45589,7.6275,5.92327,2.9851,8.54451,4.38044,10.06609,8.58516,8.88449,1.99988,0.72893,11.43119,4.50982,12.12578,8.31466,8.54383,9.35089,7.77816,6.0289,0.01189,6.31718,0.60595,3.65442,7.40236,2.66131,7.73821,9.0226,4.76696,4.63768,-0.17945,4.18596,5.80499
C29Z0DAK9.01,5.77361,6.7983,-0.45172,5.08514,7.05109,1.99452,8.6418,5.39488,6.89314,6.30347,10.93151,11.87337,4.53241,10.76603,5.37389,7.66318,3.54752,10.75846,8.17112,9.13485,3.64014,7.94743,5.21109,7.61423,8.38155,7.43075,2.39493,1.88557,12.50129,4.08908,10.51077,7.90179,7.13705,7.19313,8.56023,4.54923,-0.51519,4.93015,0.62119,4.55706,8.233,2.52217,8.37427,9.21201,5.49687,5.03403,0.26544,4.63248,6.78059
C29ZYJMAY.01,5.15092,7.72654,-0.48599,5.82397,6.89385,2.47507,8.86672,6.13991,7.38359,4.11765,9.51394,12.46189,3.92878,11.9712,6.66824,4.98418,4.32456,9.34363,6.9024,8.37987,4.32717,8.92487,4.65326,9.79139,8.72675,8.94162,2.17468,1.4994,12.54577,4.86125,11.43022,8.5375,8.64447,9.84431,8.2092,6.08533,0.49823,7.62128,0.44405,4.14595,7.74536,3.40287,8.85499,9.41,5.68215,5.24481,0.04167,4.2968,6.4637
C29Z8970G.01,4.5288,7.18689,-0.58657,4.94688,6.09895,1.67669,9.51536,4.32111,7.51044,6.88499,11.24138,10.36376,4.52122,12.30443,5.92306,5.61759,5.26473,11.0406,7.94916,5.88379,2.77763,8.82294,6.60016,10.46041,7.88432,10.85157,1.95078,2.11819,12.02067,5.40429,13.54548,8.35386,8.5002,10.91235,8.31609,5.01108,-1.20351,8.04477,0.19744,3.45098,7.68011,2.99995,8.37451,9.17096,4.89907,6.04768,-0.06021,8.68051,7.82286
C29Z41BL8.01,5.47131,7.67678,-0.44707,5.88696,6.47901,1.28348,8.27531,4.31947,7.22032,4.59883,9.10162,11.37144,2.77251,11.13382,5.64271,13.08926,4.69858,8.10159,13.66064,6.78708,3.43934,7.85219,3.80348,9.83773,8.66499,9.09532,2.87618,0.87733,12.16246,4.85282,12.02647,8.32865,9.18497,9.56599,7.70736,6.08904,,6.25429,0.40502,3.6561,7.58881,2.81859,7.97911,7.78519,4.60244,5.41375,-0.0515,5.04745,5.47461
C29Z21WUW.01,5.04175,7.01259,-0.58118,5.83265,6.65753,1.43467,8.66222,3.82465,7.17623,2.55029,9.0525,9.72523,5.5794,10.00649,6.40175,5.06361,4.07563,9.02555,8.78873,7.07891,3.51848,8.38824,3.25803,10.3409,8.46686,9.96776,1.63382,1.15261,12.44897,4.34763,10.46573,7.67544,8.62513,9.98033,7.24856,5.45555,0.7744,7.61125,0.61895,3.32972,7.42089,2.50965,7.44878,8.18517,4.9599,5.01035,-0.10288,4.53656,5.0566
C29ZP1P2N.01,8.91144,7.38988,-0.27947,6.20603,9.08538,3.5859,9.04044,6.02847,7.84927,8.26747,9.77231,11.43078,9.47868,10.73731,7.6115,13.02968,4.51111,10.47764,13.37056,6.86808,4.41727,9.19277,5.45391,10.46921,8.84612,11.02634,2.54831,3.11854,11.76575,4.55448,13.69644,8.73034,11.65099,10.68064,8.70937,6.78742,0.99761,8.47417,2.1323,5.45184,8.27307,4.60077,8.23232,10.08748,6.23536,5.045,0.26139,3.55158,6.51398
C29Z2FWV7.01,5.49567,6.95773,-1.0753,5.44355,6.27327,0.76596,7.80872,4.56117,6.94682,3.85945,8.24355,12.10699,3.39698,11.21959,5.34962,4.24871,4.06579,8.81998,6.29845,6.32755,3.52075,7.81663,3.75037,10.05065,8.36041,10.27409,1.74248,0.46781,11.63438,4.34593,10.88776,7.31733,8.44394,10.28362,7.42244,6.16212,-0.6434,7.49016,0.24637,3.21158,7.32163,2.82698,7.29919,7.77371,5.03383,4.41346,-0.53592,4.15396,5.34499
C29Z19KYI.01,5.60862,6.84369,-0.4627,5.37778,7.92258,2.22558,8.21504,4.79872,7.25411,2.85881,9.54023,11.50609,5.30189,11.64249,7.14179,3.90587,4.03746,9.03861,7.10578,7.24224,3.29118,8.52759,3.83813,9.79043,8.44229,9.83894,1.86967,2.20534,11.91837,4.31517,10.02266,8.16722,8.90866,9.43564,7.61698,6.92767,-0.44541,6.98616,1.25189,4.14278,7.73905,2.74298,7.471,9.50315,5.90989,5.0351,-0.20641,3.98906,5.37283
C29Z5VB02.01,5.58331,7.03195,-0.6205,5.65174,6.86512,1.5169,8.31854,4.75518,7.2299,3.21539,7.92184,11.25821,5.488,10.96151,5.16082,4.05685,4.34858,7.48836,7.50035,6.10161,3.41103,8.07793,3.4117,9.93258,8.27417,10.16682,1.69397,1.36343,11.91067,4.44256,10.51332,8.13125,8.18491,9.96928,7.68087,5.78064,2.38309,7.10586,0.45934,3.71069,7.35173,2.43955,7.82698,8.57285,4.63221,5.46709,0.18761,2.30339,5.18599
C29Z7IZ9S.01,6.73474,6.89763,-0.07043,5.19094,7.86381,2.59852,9.47024,4.89235,7.07964,5.64522,10.52559,11.24898,7.27214,11.40944,7.31573,4.68542,3.52185,11.36737,6.65324,9.57485,3.41512,8.0476,4.44741,10.44893,8.75038,9.97939,2.00265,1.41878,11.88423,4.37232,10.34042,8.39397,8.96922,10.59574,8.33624,6.14667,0.50226,5.71611,1.01321,3.88876,7.96255,2.54142,7.8213,8.72898,6.18151,4.74915,-0.41558,3.05938,5.76603
C29Z0DAAF.01,5.97622,7.21383,-0.47515,5.26733,7.45308,2.29618,8.59333,6.20901,7.09128,6.66203,10.81984,11.46747,4.89654,10.42448,5.46117,7.84886,3.53881,11.05776,8.52855,9.20953,3.30251,8.10165,5.48076,8.8139,8.4,8.42053,2.46974,1.40194,12.79417,4.1505,11.14217,8.27492,8.45663,8.11685,8.53806,5.61506,-0.16737,5.57679,1.04227,4.15629,8.30424,2.81911,8.53754,9.19639,5.21725,5.82153,-0.21327,4.53411,7.44807
C29ZLV7WG.01,6.90096,7.74106,1.785,5.58438,7.78277,4.39872,9.89231,5.87803,7.36829,4.92175,10.33538,11.92045,6.91902,11.16163,7.2941,5.85355,4.42003,11.38162,8.10733,8.99932,4.78847,8.84443,4.81874,10.63802,8.70831,9.99804,2.30988,2.88048,11.72124,4.43819,10.76996,8.63784,9.30916,10.70634,9.30283,6.68331,1.03719,8.02054,1.58311,4.56747,7.8491,3.57817,8.67378,9.94391,7.05594,5.65799,-0.19325,4.487,8.37128
C29Z58NR0.01,4.93521,7.60534,-0.29674,5.64293,6.98506,2.53333,8.6436,5.38175,7.61827,3.99854,8.97148,9.79036,4.09704,11.36613,5.98633,5.29958,4.82215,8.83886,8.61433,7.8139,4.34765,8.83107,4.46688,9.89128,8.33535,9.90787,2.32835,1.6764,12.0953,4.58277,12.12468,8.30548,9.53738,9.50769,8.26349,6.41742,-0.0372,6.6618,0.96491,4.48527,8.31555,2.88211,8.32183,9.87943,5.3501,5.01119,-0.20171,2.63621,6.11636
C29Z41BE9.01,5.54061,7.3258,0.02923,5.56086,7.68938,1.71125,8.32196,4.45954,7.24267,3.72608,9.32283,9.41975,4.77771,11.50806,6.19221,11.61458,4.70376,9.04272,13.66477,6.19555,3.46003,8.23933,4.18919,9.84448,8.57573,9.32422,2.62763,1.25173,11.85638,4.70629,10.21078,8.28099,9.21284,9.03214,8.56548,6.26118,0.56085,6.15876,0.81854,4.32655,7.51941,2.67842,7.80104,8.7121,5.16534,5.37502,-0.383,5.51979,5.36893
C29Z21WDF.01,5.08839,7.02473,-0.69088,5.93767,6.97746,0.9375,7.99263,3.39891,7.0203,2.5563,8.55574,10.09548,5.15958,11.21691,5.92856,1.11377,4.70862,8.45305,5.91583,6.66203,2.82294,7.75885,3.6491,10.24109,8.60632,9.91938,1.70196,0.85961,12.2468,4.41768,9.66553,7.64115,8.55626,10.12238,7.76426,6.05578,0.7649,7.84154,0.52303,3.40062,7.38894,2.29464,7.43957,7.9079,4.79678,4.66503,-0.16863,4.6457,4.87962
C29ZVFNY5.01,4.93042,7.01439,-0.46762,5.52574,7.08062,2.12532,9.30936,4.01314,7.53186,3.63559,10.46095,10.8196,4.9657,11.00436,6.39906,6.84877,3.32521,10.31197,8.28211,7.04436,3.34784,7.84123,4.63087,10.57596,8.65608,11.75589,2.49021,0.78976,11.73608,4.19903,10.62582,7.09624,9.54824,10.88598,8.24057,5.92539,0.21165,9.42423,0.99311,4.50877,8.26765,2.32132,8.2167,8.75249,5.21698,5.2645,0.31855,2.81827,5.75247
C29Z2FW4V.01,6.58864,6.83913,-0.58062,5.21193,7.70777,1.12995,9.18854,5.12482,7.53268,5.38099,10.36251,11.17675,6.12746,10.94281,6.53549,5.30187,3.90585,8.80163,8.54993,7.65247,4.3202,8.72593,4.29116,10.4162,8.28499,11.00506,2.07487,1.53412,11.39712,4.2974,12.09145,8.34453,10.42728,10.35079,8.72071,6.48606,-0.02609,7.70396,0.82319,4.52725,7.38759,2.86776,7.73852,8.75681,5.53822,4.70999,-0.69367,4.99286,6.00742
C29Z19KTP.01,7.28494,7.08204,-0.58056,5.5603,9.44298,2.78619,8.16793,5.03228,7.38337,3.54555,8.97046,11.94668,6.7845,11.55742,7.19679,5.02746,3.80545,9.35008,6.85133,8.5917,3.25404,8.9054,5.26301,9.56412,8.42216,9.87779,1.70974,2.66004,12.56622,4.50562,9.96365,8.15121,8.77162,9.74431,8.4849,7.39923,0.59006,7.99222,1.64046,4.68849,8.03752,3.28977,7.676,9.36536,6.38734,4.81609,0.00867,3.29849,5.80375
C29Z5VB33.01,5.19631,7.16953,-0.68513,5.84505,6.50181,1.40247,8.66235,4.95944,7.52266,5.0307,8.82439,11.53931,4.13646,11.6204,4.96068,13.36784,4.16716,7.80461,13.50341,7.02119,3.07608,8.35109,4.84886,10.15828,8.25836,9.72399,2.01299,1.43632,11.91718,4.57085,12.77977,8.14635,9.40157,9.67175,7.87678,5.87038,2.15609,6.68738,0.57702,3.88841,7.45468,2.92584,7.96148,8.91566,4.34011,5.62423,0.08263,2.36031,5.35068
C29Z7IZDW.01,6.03203,6.90309,-0.40566,5.57882,7.60738,1.92422,8.57874,4.60219,7.2419,2.56037,8.59862,10.75019,6.95169,11.39873,6.87545,1.8949,4.18446,8.50845,6.43188,6.41201,3.36864,8.24826,4.09369,10.3559,8.70264,10.38229,1.93489,1.22985,11.8966,4.60647,10.75916,8.34356,8.64061,10.7255,8.18343,5.8606,0.20076,6.58505,0.7221,3.96665,7.78189,2.73209,7.69424,8.58286,6.07978,4.98739,-0.16178,3.03929,5.21237
C29Z0DAD9.01,5.27104,7.3147,-0.58496,7.78511,6.95312,0.65221,8.11488,4.50891,7.19767,3.2611,11.44678,8.30985,4.51533,9.93168,4.73073,4.90896,4.36374,7.7261,7.95495,6.04435,3.19957,8.52752,4.47922,7.57897,8.35562,6.90545,4.49623,0.87768,12.50591,5.13777,10.62917,8.64471,7.43548,7.4649,8.97012,4.34243,-1.04495,4.0147,0.74821,5.20382,8.3498,2.34946,8.58907,9.72523,5.03493,6.65347,-0.00061,7.466,6.20079
C29ZLV7LY.01,6.47857,7.67537,0.33423,6.07403,7.94473,3.87809,8.42426,5.64612,7.11047,3.8767,9.17885,10.95711,6.52346,11.69794,6.68419,3.23062,4.36393,10.35343,7.05947,9.12014,4.4565,8.59145,4.7454,10.2568,8.35418,9.15392,2.22199,2.24019,12.02446,4.72553,10.62826,8.89947,8.46228,10.12776,9.04252,6.62857,1.03824,6.92004,2.08135,5.0151,7.50563,3.76595,8.39051,9.01569,6.66505,5.48769,-0.15658,4.38827,7.4147
C29Z58N2R.01,4.90449,7.606,-0.37587,5.50986,7.03776,2.77869,8.47659,5.17181,7.55672,4.3308,8.88896,9.48431,4.06869,11.54039,6.14383,5.37187,5.19097,8.5961,9.03665,8.0183,4.35567,8.69717,4.40264,9.68182,8.33791,9.91472,2.13169,1.63802,11.99234,4.5057,12.55294,8.16479,9.67281,9.23918,8.27192,6.5019,-0.56034,6.56413,0.80889,4.395,8.29066,2.89529,8.16682,9.80333,5.60881,4.87748,0.00578,2.69859,5.95917
C29Z41BJ3.01,5.10231,7.73619,-0.54524,5.83138,7.52153,1.74626,8.05684,4.70098,7.5624,3.36133,9.27123,9.30807,4.3205,11.74201,6.15544,11.98274,5.19499,8.74726,13.82492,6.7604,3.65752,8.38044,4.09575,10.09918,8.62145,9.67759,2.8982,1.25891,12.33202,5.08515,10.91166,8.2007,9.42056,9.85927,8.56792,6.52988,3.88253,7.17506,1.13945,4.25463,7.70971,3.07759,8.27414,8.49332,5.06608,5.55117,0.10937,5.33191,6.41487
C29Z67GG7.01,5.02514,7.02715,-0.54179,5.5679,6.9969,1.90184,7.73205,5.99858,7.36193,3.80405,8.04125,11.24525,4.95454,11.33095,6.39487,2.96677,4.14941,10.71122,6.42258,8.31058,3.42525,8.06423,4.42404,10.358,8.12981,9.43102,1.79665,0.6171,11.84426,4.36767,10.9002,7.93606,8.26248,10.1077,7.28182,6.27037,0.22228,7.83072,0.95426,3.08451,7.19411,2.88607,7.9066,8.91953,5.41213,5.22765,-0.37969,2.22225,6.10537
C29ZVFNKG.01,6.43837,7.04505,-0.04894,5.51862,7.62315,2.1946,8.27415,4.77777,7.18719,2.92097,8.79877,11.73232,5.40045,11.24309,5.75451,4.14381,3.94246,8.89295,9.88415,8.25167,3.88572,8.44864,4.16437,9.5158,8.41551,8.62805,1.46437,2.11017,11.20414,4.56284,11.92596,8.04503,7.69992,9.01405,8.37412,6.37371,2.9191,5.75334,2.08717,4.10675,7.6406,2.90494,7.76781,8.63223,5.12938,4.88601,-0.29828,2.96587,6.03326
C29Z2FWO0.01,6.08701,7.33383,-0.71619,5.58482,6.77525,1.08132,7.92958,5.19139,7.18485,2.96009,8.58887,10.57601,4.53848,11.5555,5.85913,3.57185,4.28766,7.89782,6.47628,7.01497,3.78846,8.03066,4.27603,10.29827,8.44974,10.33665,2.07384,1.18533,11.6899,4.45494,10.35184,7.59656,8.99888,10.23675,8.03138,6.65141,-0.75986,7.36956,0.57954,3.53039,7.43982,3.18234,7.87346,8.28342,5.68232,4.58765,-0.18026,3.80658,6.06401
C29ZQBE1H.01,5.00163,7.70649,-0.41578,5.1192,7.28951,3.00977,9.26841,5.32701,7.44549,7.00224,10.43122,11.82025,4.98853,11.31988,6.96094,6.98156,4.39225,9.98012,8.74439,9.08584,4.44794,8.2641,4.25941,10.55925,8.91785,10.38269,2.56893,1.94053,12.11716,4.40628,13.81191,8.06116,9.98202,10.23025,8.18466,6.88823,0.09219,7.80991,0.8871,4.43665,8.30273,2.87422,8.57166,9.99308,6.29437,5.66076,0.20283,6.07294,7.43741
C29ZJ330S.01,7.57284,7.31178,-0.39872,5.83824,7.11338,2.70569,8.65897,4.68312,6.98177,4.07683,9.01998,12.58517,4.24029,11.87242,5.19182,4.85854,4.52095,8.89119,7.28242,9.26217,3.8194,8.02093,4.49303,10.31387,8.27808,10.60937,2.27163,1.69422,11.76183,4.66713,10.86028,7.96711,9.10561,10.43692,8.83223,6.61538,0.1944,7.99514,0.80227,4.22939,7.55664,2.91196,8.25324,9.22454,6.48868,5.27715,0.09424,3.11624,6.28528
C29Z7IZPQ.01,6.31982,6.92221,-0.62941,6.20126,7.51823,1.90351,8.24769,4.39095,7.19754,2.44985,8.73733,10.12098,7.04596,11.04369,7.02807,2.27057,4.15252,8.1308,6.30093,6.77634,3.19031,8.20666,3.95591,10.28402,8.65303,9.75473,1.84133,1.07969,11.94932,4.57359,10.74598,8.40857,8.47944,10.36387,7.88539,5.44484,0.64658,5.61082,0.58958,3.82508,7.91534,2.73463,7.57278,8.49416,5.87462,4.69956,-0.17356,3.18034,5.26035
C29ZR13MV.01,5.36005,7.22749,-0.72526,5.92381,6.98527,2.33547,7.86304,4.52745,6.02316,2.95955,8.62854,10.85726,5.46522,11.65339,7.04697,2.98571,4.07686,9.26935,6.47779,7.24896,3.52589,7.7263,3.50519,9.76707,8.12888,9.21737,1.96281,1.23267,11.85697,4.40167,10.85292,8.55153,8.17518,9.83923,7.55788,6.73088,0.87948,7.34073,0.84349,3.92289,7.58288,2.61395,7.97729,9.8126,5.82864,4.71626,-0.22702,3.51374,5.51761
C29ZLV7LO.01,6.5929,7.64699,0.50656,5.84923,7.61802,3.778,9.19606,5.50667,7.29986,3.78893,9.1055,11.59053,6.56836,10.90551,6.83391,3.37215,4.79893,10.37166,7.44853,8.89434,4.43357,8.45417,4.64992,10.56527,8.39066,10.35858,1.96449,2.03679,11.84859,4.65206,10.84877,8.98226,8.89305,10.8017,9.01693,6.84565,1.02392,8.27581,1.7757,4.65399,7.54817,3.60632,8.30924,8.95841,6.22759,5.52844,-0.17712,3.86933,7.19652
C29Z58NDR.01,4.49998,7.44014,-0.65285,5.75567,6.51609,2.38418,7.97826,4.73456,7.20834,2.81291,8.37427,9.27355,3.7386,11.24195,5.62735,2.65942,4.92438,8.50249,6.37673,7.34781,3.69906,8.28496,3.98806,9.57718,8.14853,9.64247,2.36825,1.16082,11.55405,4.59328,10.8797,8.0095,8.96989,9.43634,8.05016,6.02517,0.05437,6.87849,0.80393,4.14999,8.17046,2.44636,7.82681,9.05315,5.38047,4.92455,-0.13831,2.6624,5.77874
C29ZWWKB7.01,4.69249,7.00879,-0.74489,5.47915,7.24332,2.3306,9.02658,5.0281,7.00012,3.97398,9.84314,10.68015,5.26942,10.84401,5.96784,5.16722,4.86531,11.25573,7.72195,8.64045,3.59012,8.41151,4.65292,10.53402,8.27241,10.85404,1.79205,1.42768,11.8295,4.30529,10.1006,8.12569,9.04262,10.4922,9.00244,6.34225,-0.58258,8.04658,1.87317,3.88203,7.91794,3.08286,7.99232,8.8315,5.19208,5.33812,-0.34561,4.123,7.80552
C29Z67G73.01,5.01638,7.05933,-0.6399,5.66024,7.24583,1.38707,7.90788,6.03786,7.38476,2.98996,8.14717,12.2642,5.34184,11.43185,6.16983,4.91176,3.62716,9.13467,6.36058,9.55689,3.66296,8.53065,5.00828,10.30492,7.88484,9.75287,2.04035,1.34752,11.90588,4.43555,10.36567,7.63117,8.66153,10.34609,7.38018,6.04204,0.32188,8.38719,0.88124,3.49567,7.37302,3.01168,7.90724,9.40999,5.74864,4.61944,-0.53018,2.25141,6.6268
C29ZVFNKE.01,5.15198,6.72109,-0.41529,5.34891,6.84713,1.41368,8.17614,5.03264,6.87887,3.47003,8.58768,11.20671,4.71775,11.60347,5.69421,2.40093,3.76389,9.65289,7.21825,6.92622,3.3843,8.125,3.49806,9.28488,8.12373,8.49186,0.94847,1.46275,11.00829,4.32568,10.6348,7.83934,6.77815,8.92062,8.02818,6.00065,1.65355,5.46024,0.6342,3.5279,7.33111,2.10809,7.70586,8.7129,4.67614,5.43027,-0.65175,2.84835,5.01839
C29Z18ZRL.01,4.91161,7.25482,-0.63184,5.09686,6.58902,2.81916,8.89846,5.20661,7.18574,3.84131,9.48039,12.43791,3.74703,11.29851,6.64339,7.13449,4.41827,10.29562,8.51612,7.54271,4.24523,8.25918,4.12231,10.22825,8.0886,9.79555,2.11504,1.1474,11.41871,4.39957,12.66145,7.48555,9.14987,9.90352,8.04547,6.5709,-0.68386,7.02822,0.41784,3.55518,7.43598,3.01981,8.31655,8.82885,6.40762,5.59788,-0.2031,2.75434,6.38366
C29ZQBEKX.01,4.80138,7.48085,-0.85145,6.27451,7.55518,5.29646,8.81771,4.85264,7.465,3.23921,9.53438,9.86389,5.7187,10.67953,6.85323,9.19319,3.81666,9.26362,10.55013,7.03575,4.27787,8.37912,4.35352,10.2065,8.58419,10.13529,2.39271,1.71095,12.13732,4.45742,13.6285,8.37622,10.24397,10.14815,8.44969,6.91219,-1.16524,7.3545,0.96653,4.39423,7.85375,3.33382,8.36276,9.20352,5.82352,5.212,0.08116,3.79778,6.27007
C29ZJ33J7.01,2.85291,7.1186,-0.51521,5.75374,6.06728,2.13397,8.18621,4.19556,6.71565,3.29925,9.15048,8.67202,3.08602,11.55822,4.49333,1.70047,4.30534,11.37576,6.06225,5.02698,2.78175,7.97048,3.49398,10.17935,8.05929,10.17481,2.19917,1.12343,11.66989,4.54268,9.9824,7.63325,8.69945,10.12388,8.47232,5.88797,-0.53376,7.20741,0.64744,3.58233,7.37531,1.9745,7.80023,8.67414,6.33312,4.99291,-0.26812,1.226,5.17829
C29Z7IZ46.01,6.39509,6.95281,-0.34322,5.93771,7.58392,2.06056,8.51248,4.5023,7.30295,2.55716,8.61048,10.48234,7.01515,11.29279,7.15365,2.44715,3.87397,8.16614,6.09171,6.83519,3.4455,8.18556,3.93353,10.3694,8.57822,10.31262,2.25152,1.18896,11.87704,4.62565,10.75574,8.61671,8.64924,10.79376,7.89169,5.52808,0.34046,6.29432,0.60914,3.98299,7.87959,2.81322,7.75674,8.4992,6.23401,4.57001,-0.13805,2.96695,5.3899
C29ZR131D.01,5.77301,7.2862,-0.42612,5.74418,7.7112,2.79078,7.88952,4.7347,6.31666,3.08694,8.77125,10.12315,5.58755,11.8315,7.48015,4.29236,4.46323,9.00708,7.65209,7.64232,4.18705,8.24182,3.94673,9.67903,7.83765,9.41603,1.76421,1.85294,11.94921,4.49059,10.94461,9.05662,9.37954,9.55366,7.92759,6.855,0.42211,7.0338,0.95746,4.23245,7.59693,3.09901,8.08501,10.25455,5.88688,5.30547,-0.20314,3.39748,6.03386
C29ZLV79Q.01,4.38678,6.96612,0.19397,8.13909,6.20763,1.58779,8.50371,3.92898,6.64083,4.60317,9.92974,10.43273,4.8004,9.37075,6.40637,2.64527,3.89244,10.41114,9.01812,6.27257,3.49198,7.7335,3.58546,10.34171,8.16948,9.34703,3.83696,0.98505,12.46805,4.59072,10.182,8.40398,7.47789,10.18982,7.97305,5.51901,1.68683,6.44109,0.38429,5.05045,7.44854,1.85302,7.91927,8.32033,5.65591,5.29575,-0.44034,5.15578,5.30219
C29ZNECXB.01,5.87548,7.39645,-0.1807,5.25616,6.83588,2.309,9.76697,6.0308,7.5143,6.74159,10.99319,11.31044,4.75978,10.86989,6.53185,9.54048,4.25601,10.81083,12.96197,8.27411,4.82181,8.59277,5.04151,10.60395,7.85673,10.69189,2.20368,1.77363,12.72834,4.55541,11.08849,8.88705,9.35962,10.51143,8.76113,5.58882,1.79063,8.45885,0.63674,3.76504,7.59591,2.51122,8.6406,9.89924,6.092,5.56384,0.02704,3.26935,7.67718
C29ZWWKL6.01,4.43841,7.0448,-0.29009,5.66346,7.38904,2.25973,7.91205,5.23808,6.74862,3.37871,7.92713,11.18496,4.62365,11.16279,6.51269,2.85232,4.73205,8.74383,7.00651,7.0587,3.9268,8.3267,3.96595,9.70011,8.11717,9.41396,1.74854,1.61213,11.88048,4.33124,10.38525,8.36225,8.04009,9.41336,7.88099,6.43387,-0.49156,6.77204,0.60328,3.91664,7.62861,2.80872,7.67574,8.83536,5.75946,5.42001,-0.12943,3.5279,5.75137
C29ZQT10W.01,3.95471,6.84444,-0.80227,5.03033,6.25598,1.76071,7.79166,4.42774,6.65842,2.95237,8.22941,12.04767,3.05182,10.84397,5.0766,2.98703,3.41713,8.93899,5.08085,6.62074,3.64789,7.30519,3.05821,10.15045,8.37908,9.9592,1.55629,0.25909,11.0001,4.064,10.48055,7.77348,8.23494,9.91987,7.93063,5.44112,-0.36897,6.99884,0.23976,3.34514,7.00146,2.14341,7.65144,8.09302,4.64026,5.75715,-0.13098,3.15764,5.7321
C29ZSD971.01,4.33036,7.38663,-0.38443,5.61635,6.24925,3.69085,7.78509,6.02978,6.82402,4.28922,8.75831,11.23319,3.74287,10.54824,5.49378,5.06799,4.03752,11.56808,5.78717,7.48828,4.33352,8.26608,3.72575,9.72561,8.3217,8.08541,2.11819,1.42926,11.9477,4.33898,10.08124,7.78652,8.73106,9.43431,8.36702,6.03287,-0.60232,5.91966,1.70251,3.8803,7.36566,3.14922,8.12205,8.96363,5.42296,5.36471,-0.07469,4.49195,7.91666
C29ZV88MB.01,5.66474,7.56235,-0.78425,6.18847,7.20128,2.32523,8.24867,5.54313,7.23872,3.95292,8.90271,10.53904,6.60004,12.24448,6.94098,5.16864,4.19409,8.52098,8.41991,7.93476,4.27654,8.34263,4.66256,9.12943,8.2843,8.60782,1.8627,1.74803,12.31111,4.49553,12.43061,8.10833,8.02427,8.65173,8.1607,5.88384,-0.74663,4.55735,0.90266,3.96466,7.78353,3.26996,8.4436,9.25753,5.74728,5.39471,0.02866,4.43335,6.42141
C29ZV14O4.01,5.30891,7.24065,-0.68217,5.42344,6.67567,1.53857,8.33996,4.98797,7.08097,1.97702,8.83944,12.26152,3.52185,10.97265,5.64754,2.46914,3.90341,8.77022,6.28823,7.55914,3.89665,8.03723,4.16728,10.32956,8.54698,10.5044,1.80317,0.33949,11.94807,4.41734,10.81699,8.61659,8.45751,10.51969,8.04773,6.02434,-0.03382,8.21192,0.56805,3.48671,7.3212,2.43654,8.02911,8.6464,4.23162,5.11361,-0.27714,1.9124,5.77042
C29ZHMYND.01,8.3219,7.28708,-0.51836,5.18809,6.53439,1.76884,7.44751,5.27348,6.96772,3.79814,8.29792,11.60953,4.24163,11.2624,5.86581,2.49942,4.95871,10.79877,5.57747,8.51603,4.17788,8.22863,4.09398,10.16336,8.2176,9.3058,2.42556,1.6269,12.59639,4.75756,10.03337,8.06801,8.40042,9.80183,8.75273,6.08019,1.95872,6.99135,1.1094,4.22633,7.51748,3.06392,8.25634,8.76196,5.08285,5.15595,0.35916,3.99558,7.01994
C29ZRT1JW.01,4.42049,6.77299,-0.17818,5.60441,5.82461,1.39033,8.49647,4.34668,7.0361,2.46713,9.46331,12.04296,4.01183,11.14086,5.74712,3.83451,4.46741,9.28963,6.41838,8.03191,3.08293,7.62525,4.18571,10.31343,8.31634,9.95715,1.5715,0.7049,11.76415,4.27845,9.96135,8.10149,8.2706,9.98424,7.46843,5.74825,0.89419,7.09738,0.50828,3.62779,7.60278,2.27012,7.78009,7.84681,4.34045,4.43031,-0.31143,3.56139,5.03533
C29ZT9ULO.01,4.81673,6.80808,-0.78743,5.13864,6.47018,3.05398,8.54609,4.50892,7.06504,3.84771,10.64737,11.46096,5.15682,11.47962,6.77527,6.16967,3.70671,11.13939,8.82326,7.6552,3.03333,7.85542,4.49956,10.41723,8.59804,10.36571,2.11136,1.42072,11.92438,4.371,13.16978,7.77752,9.84656,10.18555,7.8753,5.75365,0.81216,7.03046,0.9835,3.68596,7.67204,2.3761,7.99538,8.48565,5.06077,4.64341,-0.22459,2.95495,6.0089
C29ZS2MT0.01,5.90456,6.90706,-0.5425,5.73304,8.08894,1.72344,9.37853,4.6076,7.42019,3.11432,10.13276,11.71437,6.51925,10.86836,6.72198,9.80676,4.073,9.11591,9.65798,5.47813,3.78474,8.16096,5.0138,10.39964,8.41459,10.5626,1.75252,0.52913,11.61999,4.44186,13.23844,8.18593,10.67838,10.1765,8.90286,6.70448,1.54295,6.85709,1.27426,4.74324,7.72596,3.61214,8.14069,8.9213,5.40307,5.26036,-0.54902,4.22211,5.7172
C29Z7ZV7P.01,5.86157,7.3826,-0.44273,5.94925,7.0597,1.25654,8.61051,4.78902,7.2023,3.33853,8.88194,12.03078,4.3387,11.43992,5.95721,2.97062,3.89694,8.57321,8.27223,7.21732,4.09331,7.75189,4.19267,10.36977,8.53131,10.00249,1.66852,0.49061,11.78038,4.34538,10.07263,8.16631,8.58457,10.18728,8.51145,6.44276,1.88598,7.14978,0.65188,3.92795,7.36546,2.67753,8.10025,8.91968,5.41493,5.18247,-0.17967,4.14611,5.43342
C29ZQOG2C.01,5.82471,7.25879,-0.28906,6.14863,7.98175,2.80818,9.21524,4.7612,7.18615,4.22705,9.71117,10.58354,5.16693,10.90277,6.44169,8.64546,5.74844,9.19001,12.8487,7.4686,3.22788,8.0014,5.2784,10.22322,8.27859,10.15614,2.47057,2.17765,11.90246,4.51819,9.88582,8.69821,9.41954,10.08916,9.0001,6.76118,2.46577,7.82696,1.26706,4.06544,7.47051,3.18983,7.79062,8.80888,5.87278,5.38537,-0.10257,3.49864,6.30271
C29Z50Y1N.01,4.65976,7.23529,-0.62559,5.73101,6.80116,2.2895,7.45013,4.92667,7.26074,5.32033,8.84907,11.81684,6.22152,11.484,6.09729,2.47419,4.06556,8.46464,6.25278,8.19371,4.08019,8.22739,3.98077,9.57689,8.11933,9.61091,1.71321,0.80546,12.39862,4.59574,10.73783,8.39881,8.18432,9.36125,7.47802,6.52529,-0.77442,6.7782,0.52178,3.68275,7.42631,2.96387,8.18514,8.84433,5.33733,4.88782,0.01795,3.76694,5.93991
C29ZQT1N6.01,3.93875,6.57495,-0.97455,4.7443,6.81565,1.4087,7.76288,4.23646,6.17566,2.55781,8.49117,9.62195,3.43991,11.66368,5.52586,3.12601,3.51321,8.33178,5.76913,6.37048,3.35767,7.40331,3.04674,9.95686,8.19583,9.45568,1.42217,0.96259,10.63721,3.93344,10.50626,7.89881,8.21938,9.65847,7.91116,5.62302,-0.33819,6.40056,0.047,3.42964,7.07191,1.81859,7.63286,9.01748,4.94067,5.88451,0.00178,3.86899,5.35769
C29ZSD9N3.01,3.80337,7.56706,-0.74082,5.73755,6.74185,3.10484,7.6961,6.10436,7.05637,3.70605,8.14538,12.12337,3.95256,10.91882,5.75383,3.32,4.87308,10.47511,5.66967,7.42797,4.04924,8.37021,3.90232,9.42343,8.37652,6.93237,2.04602,1.40321,12.25271,4.41939,10.14145,8.21623,8.25027,8.71636,8.49702,6.36621,-0.20746,5.32083,1.81349,3.86848,7.41812,3.70088,8.40206,9.31535,5.69742,5.67978,-0.03569,4.69935,7.26712
C29ZV88TT.01,4.87545,7.30097,-0.67665,6.14698,7.34948,2.2557,8.29862,5.58476,7.22176,4.25637,8.86186,10.55015,5.58409,12.36626,6.80227,6.78847,4.58867,9.12518,9.47854,8.2191,4.05563,8.38478,4.99055,9.51892,8.03616,9.36238,1.94257,1.79938,12.35826,4.5189,11.56315,7.99395,9.55338,9.19864,8.32108,6.02924,-1.0131,5.64771,1.26881,3.8978,7.79977,3.2707,8.37708,9.23111,5.94834,5.76686,-0.59759,3.82538,6.60103
C29ZV14ZZ.01,5.06711,6.21956,-0.93591,5.07648,7.102,1.51525,7.83732,4.41045,6.72819,1.26308,8.38693,10.05253,4.56725,10.23529,5.21033,0.66627,2.98683,8.71727,5.73532,6.16537,3.49406,8.00397,4.05582,10.27322,8.01296,10.62611,1.01223,0.6014,11.38896,3.99956,9.88423,7.99115,8.49705,9.82455,8.17067,4.27514,0.98432,7.45199,0.57615,3.3439,6.76093,1.94822,7.17702,8.18578,4.15935,4.09364,-0.30887,2.44129,5.01887
C29ZHMY1R.01,6.21712,7.71558,-0.61002,5.76737,7.31748,1.84381,9.15101,5.39673,7.44699,5.0291,10.73374,11.2146,5.28382,11.69646,6.80086,11.2649,4.96604,10.39665,12.73416,7.9336,4.08665,8.32498,5.01674,10.42716,8.63802,9.10071,2.51757,1.63215,12.42936,4.86077,13.12126,8.91741,9.11707,9.01616,8.77877,6.72748,-0.56423,6.55532,0.96818,4.65873,8.12864,3.61496,8.88097,9.01595,5.41001,7.37216,0.24322,4.94709,6.96718
C29ZRT1IG.01,5.16168,6.60589,-0.48124,6.25767,6.42825,1.49429,8.12156,4.33867,6.96424,2.56541,8.80012,9.53459,4.96819,10.48981,5.82201,3.12725,4.58977,8.67469,5.71277,7.0476,3.07057,7.81876,4.53444,10.20939,8.46865,9.94841,1.64822,0.94817,11.39576,4.25817,9.20403,8.11208,8.44741,9.89356,7.81493,5.89986,-0.32289,7.07349,0.54173,3.9528,7.56537,2.43633,7.55232,8.34182,4.53858,4.11711,0.06543,3.93027,4.93182
C29ZT9U9Q.01,4.83759,7.17755,-0.78704,5.57948,6.66118,2.10653,8.60671,4.38591,7.32776,3.27269,10.34614,9.76493,4.93226,11.78693,7.23279,5.02088,4.87012,8.83935,9.24291,6.84031,3.42576,8.13076,4.82775,10.20346,8.74678,9.42266,2.20113,1.625,12.14114,4.60684,12.53481,8.48296,9.726,9.78695,8.01138,6.29464,0.98238,6.16317,0.73515,4.12583,7.96118,2.51133,7.89858,8.64473,5.32602,5.20603,-0.03522,2.78907,5.34852
C29ZS2M01.01,4.74666,6.87587,-0.59728,6.14857,7.665,2.15664,8.26875,4.69188,7.3921,3.55301,9.05927,11.75007,5.04224,11.11442,6.20202,2.92022,4.31601,8.649,6.4109,6.36992,3.81308,7.80273,4.08625,10.0685,8.38603,9.16357,2.04372,0.8563,11.50298,4.58651,10.7921,7.97386,8.46641,9.5695,8.4378,6.18813,1.74842,6.82099,1.07836,4.16364,7.77072,2.59548,7.60325,8.8686,5.38022,5.13815,-0.11755,6.07124,5.42119
C29Z7ZV3A.01,5.56865,7.21269,-0.44002,6.92602,7.1757,1.27212,8.50942,4.80727,7.33368,3.75421,8.91318,11.14396,4.46089,11.15834,5.88759,5.61792,4.40158,8.31099,8.06144,7.40894,3.78374,7.74079,4.34346,10.33833,8.5432,9.82864,2.10352,0.45055,11.9223,4.48302,10.33047,8.05421,8.45232,10.08683,8.43269,6.66171,1.2022,7.34024,0.51169,4.22202,7.61162,2.55861,7.99457,8.80818,5.38071,5.67553,-0.40873,4.88724,5.42974
C29ZQOGZP.01,5.67167,7.30356,-0.42666,6.16904,7.5124,2.68876,8.60323,4.49349,7.052,3.41775,9.23921,8.6408,4.79589,10.85708,6.15758,10.4927,5.79196,8.63551,12.91411,7.40951,3.28285,7.56372,4.8438,9.89766,8.29199,9.61028,2.26927,1.75203,12.16701,4.69136,9.69147,8.46273,9.00378,9.88926,8.69018,6.81565,0.7101,7.36999,0.83573,4.02577,7.47699,2.96275,7.57742,8.32414,5.83346,5.20781,0.2104,4.05964,6.08477
C29Z068XZ.01,4.91177,6.74579,-0.12788,5.01585,6.39169,2.18312,7.23741,2.70627,6.72397,3.72748,8.83785,12.28274,3.54092,11.29266,4.76457,3.45073,2.93322,6.69411,6.71522,7.05782,2.69592,7.97712,2.8958,10.06068,8.38524,9.85412,1.85612,0.9268,11.53334,4.44109,9.91652,7.99839,8.18867,9.90467,7.38329,6.44781,-0.24313,7.02599,0.09503,3.56665,7.2725,1.62818,7.51221,7.93584,5.04529,4.96192,0.09655,3.21601,4.17143
C29ZQT1K0.01,4.52359,6.80982,-0.58691,5.08401,6.7634,1.89038,6.78309,6.05901,6.49153,2.35442,8.24682,10.28665,3.75016,11.16593,5.38158,1.02333,3.28486,8.64713,5.47291,6.55927,3.61889,7.5509,3.38031,10.10146,8.42444,9.8408,1.47595,0.85418,11.28929,4.25479,10.2611,8.05221,8.29651,9.8806,7.9819,5.82567,0.32205,7.04387,0.20156,3.70451,7.13568,2.36403,7.33014,8.72843,4.94888,5.13356,-0.07044,4.16176,5.70384
C29ZSD9WH.01,4.057,7.4433,-0.50167,6.34503,6.482,4.068,7.64038,6.21073,7.06092,5.1443,8.06584,12.17706,3.71901,10.72302,5.53566,4.16049,4.54357,11.0211,5.90958,7.75072,4.20575,8.42634,4.32688,8.92236,8.2868,6.62323,2.56351,1.51173,11.94274,4.37834,9.97589,8.05394,7.83127,8.55324,8.49608,6.07982,-0.76261,4.79016,1.70831,4.03563,7.32237,3.62429,8.21028,9.17511,5.31531,5.63588,0.30517,3.56128,7.57606
C29ZV88V9.01,4.70225,7.40086,-0.27109,5.73918,7.11819,2.96745,7.94552,5.66716,7.09772,3.18927,7.9627,9.97036,5.56456,12.09055,6.62235,1.26184,4.57102,9.04139,5.8624,8.03696,4.27887,8.18769,5.04755,8.8864,8.24871,9.01824,2.15159,1.94429,12.30728,4.46335,10.64756,8.1085,7.94247,9.00278,8.19253,5.9504,1.48133,5.81922,1.04193,3.91886,7.61237,3.10456,8.10872,8.9158,6.14891,5.65574,0.11562,3.72593,6.62482
C29ZV14CB.01,5.45411,7.13075,-0.62057,5.34941,7.07925,1.25261,8.30514,4.9786,7.25655,3.01433,9.01305,9.33253,4.70266,11.17037,5.79174,6.3813,4.05961,8.53443,8.98166,6.68928,4.08176,7.99016,4.20995,10.39756,8.57297,9.93628,1.57395,0.75573,11.87551,4.32179,12.4176,8.08238,9.1897,9.86937,8.2059,5.92317,0.33943,7.10304,0.88452,3.95403,7.52886,2.54919,7.76673,8.61681,4.24067,5.31243,0.09448,2.78299,5.34049
C29ZPQXFV.01,4.14733,7.22263,0.05078,5.41378,7.15672,1.5858,8.1007,4.09934,7.24637,2.80798,8.7734,11.34656,5.14104,11.26487,5.08099,2.7836,4.57043,9.30653,5.8869,7.06628,3.70695,8.28772,4.32234,9.63161,8.47047,9.8062,2.02178,1.16784,11.84427,4.35617,10.47333,7.65976,8.04527,9.30061,7.94107,5.77424,-0.03079,6.86939,0.7042,3.91047,7.45918,2.80764,7.74852,8.03169,5.74104,5.25876,-0.12864,1.81461,5.55695
C29ZRT1B0.01,4.25615,6.42573,-0.25644,5.32699,6.47207,1.60105,7.8289,3.78558,7.02256,2.95939,8.43506,9.38625,4.25645,10.92568,5.42686,2.00456,4.58978,8.32638,5.80532,6.61718,2.64848,7.55524,4.09293,10.17247,8.22837,10.02336,1.1779,0.697,11.56936,4.28417,9.24866,8.0697,8.02862,9.83946,7.39204,5.80555,0.21736,7.05223,0.4103,3.60086,7.37396,2.02917,7.29727,7.87745,4.77506,3.81495,0.17022,3.2491,4.75327
C29ZT9UBE.01,4.82231,7.04933,-0.66657,5.76261,6.40472,2.13642,8.40707,4.60757,7.40115,4.22091,10.08334,11.16402,4.40375,11.63885,6.97948,9.05352,4.38589,8.41927,10.84902,6.55562,3.08884,8.0936,4.82472,10.14876,8.78703,9.59836,2.26446,1.46604,12.36636,4.70912,13.33071,8.18088,10.88954,9.88564,7.88452,6.06733,0.58374,6.24932,0.79775,4.09144,8.04721,2.85414,7.89413,8.36852,5.13737,5.12207,0.01945,2.63964,5.23575
C29ZS2MXM.01,7.22568,7.07675,-0.76139,6.00845,7.95571,3.35629,8.52865,5.57744,7.28428,4.29585,9.69602,10.63721,5.3757,12.4662,6.98252,9.733,6.35309,9.00777,10.27226,7.02091,4.16954,8.71918,5.22298,10.26818,8.36325,9.36288,2.32211,1.15163,11.70869,4.72657,13.31183,8.70393,9.39836,9.47809,8.06112,7.53447,0.90372,6.3386,0.69802,4.19825,8.2921,3.42255,8.35753,9.25657,6.16856,4.71269,0.07127,4.90116,5.77721
C29Z7ZV8L.01,4.68628,6.95344,-0.91727,6.96375,6.67739,0.79187,8.70454,4.91192,7.10777,3.07543,8.87596,11.35069,3.4218,10.82283,5.86187,2.73864,3.96463,8.49916,6.31222,7.19805,3.49319,7.61665,4.3208,10.28002,8.36956,10.88008,1.83634,-0.0136,11.75536,4.38045,10.42713,7.91753,8.7615,10.447,8.34723,6.34692,0.80003,7.91951,0.18318,3.82197,7.59538,2.45727,8.12177,8.66749,5.42475,5.14341,-0.5179,4.93722,5.43506
C29ZQOG55.01,4.68912,7.2972,-0.49386,6.32427,7.52067,2.76967,8.94363,4.53228,7.20697,3.23306,9.3776,8.75744,4.56968,11.29128,6.20455,7.06734,5.84494,8.60364,12.53522,7.07877,3.22442,7.5048,4.96942,10.22212,8.35783,10.7752,2.2609,1.75059,11.74979,4.75269,9.58573,8.31652,9.39523,10.46973,8.63423,6.71741,1.25906,8.81973,0.66601,4.10457,7.66777,2.90685,7.63041,8.53729,5.80475,5.00475,0.24901,4.03077,5.96675
C29Z068TN.01,6.66162,7.082,-0.45426,5.47077,8.08456,2.33554,7.4673,3.33625,6.95788,2.42905,8.88974,11.40948,7.69427,11.76022,6.2289,1.9341,3.57142,8.59245,6.92591,6.48706,3.42246,8.84409,3.58864,10.03413,8.42353,9.65796,2.18419,1.57213,11.84075,4.5985,9.95121,8.39937,8.09508,9.79798,8.41537,6.63943,0.0789,6.8602,1.06461,4.01806,7.55357,2.48876,7.96255,9.40286,5.93531,5.50926,-0.11369,3.16619,5.19026
C29ZQT17D.01,4.70719,7.0062,-0.9007,5.60103,6.80169,2.159,8.08691,6.24804,6.75535,5.66173,8.65641,9.79394,4.24209,10.72255,5.64619,8.71169,3.75102,8.72498,9.76977,6.23498,3.61376,7.64936,3.90374,10.27624,8.36299,10.03184,1.83555,0.85088,11.86849,4.13383,12.84016,7.82689,10.10868,9.88632,8.16361,6.12085,-0.10099,6.40067,0.53127,3.22199,7.31023,2.76763,7.57133,8.783,5.49784,5.1239,-0.32811,4.27482,6.3896
C29ZXYZ3C.01,4.65571,7.07577,-0.54579,5.33886,6.59834,4.21952,8.26052,5.56547,7.48376,4.09067,9.23313,11.05004,4.58447,11.18169,6.17212,10.42271,4.36334,10.24752,12.79324,8.31523,2.70661,8.31577,4.44747,10.04108,8.13938,9.86209,1.55354,1.48718,11.88817,4.75501,12.87717,8.2263,9.20128,10.07371,7.94263,5.77776,2.08996,7.11972,1.22258,3.86274,7.57296,2.70283,7.63688,8.77137,5.41049,5.00251,-0.41782,2.46522,6.71363
C29ZXOUBX.01,5.49847,7.02325,-0.41301,5.308,6.55279,2.45852,7.7012,6.11229,7.20307,2.93525,9.06077,8.90343,4.21277,11.6556,6.62394,5.96808,4.2752,7.50706,7.04647,7.73021,4.27748,8.8494,3.80442,8.35197,8.02557,8.1482,2.02257,1.65217,11.98241,4.57161,9.82517,7.55528,8.33877,8.45922,7.18335,5.80081,-0.35501,5.66047,0.82018,3.85088,7.36701,2.75205,7.7685,9.20947,5.3672,5.23082,0.30456,3.42331,5.68175
C29Z73Q95.01,5.38678,7.6526,-0.37483,5.70319,7.45256,3.62077,7.68074,4.32654,7.29342,3.69412,8.6453,8.39982,5.62809,10.63204,6.77099,2.77433,5.18217,8.02323,7.62088,6.9482,4.76655,8.71916,3.93383,7.53075,7.84708,7.97212,2.1137,2.22299,12.50676,4.82138,10.36641,8.01765,7.85528,7.80226,7.92184,5.4333,-0.10388,4.82491,1.35648,4.07435,7.55711,3.13739,8.48827,8.05611,5.44625,5.84977,0.07259,2.71606,6.7482
C29ZPQXPL.01,5.88072,7.33664,-0.47578,5.48277,7.68825,1.81665,8.22543,3.90953,7.30854,3.19212,8.84671,10.04078,6.49256,11.62903,5.5959,0.70567,5.14607,10.08024,7.23755,5.71318,3.63239,8.83006,3.96551,9.73442,8.66869,10.2378,2.11736,1.08256,11.9259,4.55452,10.94484,8.27012,7.48577,9.39513,8.02563,5.54211,-0.14073,5.81896,0.53745,4.05973,7.87252,2.45696,7.84044,9.06263,5.45919,5.5285,-0.42482,3.6538,5.40252
C29ZRT1W5.01,5.74584,6.83429,-0.57019,6.09177,7.08287,1.74745,9.52941,4.27667,7.54427,2.53332,9.90276,12.32395,6.24313,11.66233,6.26146,1.10781,5.16613,9.39032,6.07743,7.88396,3.3034,8.22942,4.44785,10.26257,8.68277,11.6781,1.79767,1.0903,11.92292,4.24023,10.1699,8.05401,10.2367,10.83414,8.02723,6.52731,0.44868,9.00681,1.1112,4.20886,8.05037,2.66042,7.90068,9.46114,5.06218,4.44917,-0.02205,4.51658,5.44325
C29ZZOQG9.01,5.17304,7.42063,-0.54449,5.4373,7.59232,1.95191,8.39453,5.03876,7.18397,2.88691,8.58268,10.53864,5.52293,11.56597,6.49996,1.61672,3.91656,8.80061,6.08075,6.15681,4.05779,8.35871,5.09053,10.24291,8.19661,10.6966,1.62739,1.52565,11.38198,4.36178,10.39515,8.21577,8.15819,10.70708,8.34225,6.24522,0.55186,8.39218,1.08128,3.51437,7.58615,3.19174,8.01037,9.35429,5.73114,5.31541,-0.0297,3.10287,6.14941
C29ZS2M7S.01,4.06165,6.88747,-0.70103,5.91614,6.82855,1.99051,7.79825,4.46049,6.98184,4.15575,8.78579,10.52694,3.6456,11.9555,6.1388,5.7401,4.93666,7.82627,8.06951,6.09931,3.25642,7.76013,3.89187,10.00636,8.39463,9.10968,1.58466,0.25434,11.6638,4.54723,10.79896,8.37827,7.24663,9.46968,7.82014,6.23651,0.04847,6.39482,0.29394,3.30789,8.02595,2.30367,7.95171,8.56891,5.28141,5.01763,-0.25188,4.54907,4.93925
C29ZDAX0O.01,5.51815,7.61808,-0.55454,6.07155,7.15198,4.02515,8.27956,4.58588,7.40858,4.8333,9.47869,12.28895,5.24666,11.31219,5.70652,8.99278,4.99685,10.26861,12.84567,9.54722,4.30797,8.15977,5.29328,9.79641,8.16041,9.73722,2.46286,1.51798,12.20012,4.85298,11.29161,8.4063,9.14704,9.86484,8.11233,6.35188,-0.14598,6.96324,1.52065,4.35666,7.59684,3.47666,8.26494,8.96106,6.03166,5.9526,-0.13021,1.55483,7.16514
C29ZN97EJ.01,5.34836,6.7675,0.91503,6.04191,7.20345,1.65284,7.15054,4.33273,7.0249,2.39091,8.58279,10.60255,4.85116,10.90269,6.40516,2.73628,4.28962,8.45881,6.31717,6.51788,4.06796,8.37189,4.18193,10.2396,8.47878,10.46216,2.64137,1.38871,11.31101,4.33963,10.24354,8.20778,8.86729,10.19802,8.1404,5.99587,-0.04059,7.65264,0.6212,4.42814,7.31847,2.39849,7.68218,9.15817,4.44297,4.66416,0.63909,2.90855,5.45255
C29Z068ET.01,7.20915,7.14286,-0.33673,5.44692,7.01294,1.78723,8.96113,4.69763,7.54201,3.69585,9.96662,12.1862,8.06164,11.59254,6.03258,10.83864,3.4766,7.93159,13.08517,5.90643,3.615,8.81696,4.37598,10.4635,8.67876,11.85588,2.07959,1.25074,11.96575,4.71788,11.29219,8.43477,9.31897,10.86129,7.85679,6.73565,0.8496,8.53295,0.73979,4.18361,7.8991,2.43994,8.16355,8.70325,4.5126,5.54089,0.21456,3.06104,5.09986
C29Z4OOK7.01,5.70106,6.81295,-0.51599,5.26539,7.38056,3.08188,8.64367,5.46479,7.28995,4.49369,9.53263,8.55006,5.42812,11.24546,6.15506,11.92032,3.75776,11.5287,12.86409,10.11375,4.25034,8.98033,4.44248,9.34348,7.77651,8.6204,2.24615,2.01458,11.42127,4.51949,11.42493,8.96578,8.87828,8.99937,8.70409,6.26958,0.47316,6.25472,2.85436,3.97267,7.59332,3.53797,8.35868,9.54706,6.78586,5.25355,-0.38072,3.81219,6.71994
C29ZXYZFT.01,4.02151,7.01954,-0.42755,5.33964,6.28621,2.12328,7.81566,5.32806,7.09909,2.74456,8.62256,11.37413,4.08366,11.25647,5.63301,2.82072,4.38727,7.9351,6.00229,6.83548,2.54601,8.28722,3.87122,9.45908,7.77699,9.61693,1.2418,1.11655,11.71706,4.55365,10.12559,7.92243,8.74863,9.78583,7.26398,5.2148,1.39032,6.70223,0.83322,3.39283,7.43474,2.32829,7.28488,8.63861,5.08977,4.76607,-0.32723,2.30426,5.78477
C29ZVUP74.01,5.73814,7.05212,-0.37202,5.91924,6.93057,1.97774,8.38862,5.78177,7.38596,5.09769,9.95911,12.18872,4.14337,10.96968,6.06545,11.8051,4.10421,10.88025,12.63333,7.2548,3.4296,8.59115,4.96257,10.37111,8.30995,10.4306,2.61409,2.49379,11.62932,4.66815,13.23214,8.68943,9.90429,10.24279,7.95572,6.02032,1.09128,7.53798,0.61189,4.46203,7.4671,3.5805,8.10485,9.14483,4.7174,4.696,-0.10255,3.38086,6.43555
C29Z73QCH.01,5.70575,7.82742,-1.00117,6.08988,7.5415,2.92303,8.44509,4.7056,7.48382,4.52366,9.745,10.21243,5.88,11.23725,7.23473,3.60691,6.02189,9.26878,8.05333,8.33379,4.9626,8.89167,4.34985,9.56698,8.44657,9.09805,2.56208,2.12348,12.7313,4.89124,11.33362,8.67517,9.0337,9.0476,8.57308,6.09391,-0.10047,6.93081,1.40153,4.53547,8.34199,3.70661,9.23491,9.23417,6.11346,6.52251,0.22977,3.97706,6.90458
C29ZPQXNR.01,7.09811,7.3576,-0.37381,5.80226,7.68388,1.76743,8.74143,4.86738,7.47608,2.6336,9.377,12.16307,6.67257,12.47349,5.80258,1.29709,5.54611,8.93794,6.97345,7.64025,4.423,8.81246,4.77704,10.1408,8.54146,11.04549,2.44493,1.34009,12.38585,4.80068,11.57477,7.70041,8.67393,9.96891,7.87043,6.12664,0.01052,7.58495,1.01075,3.88388,8.09785,2.84392,7.99185,9.29601,6.22289,5.83194,-0.01434,2.83829,5.75187
C29ZZ80SV.01,5.31171,6.99751,-0.69744,5.09073,6.95844,1.88709,8.61818,5.65199,6.99041,2.84777,9.10616,12.00149,4.23835,11.75558,6.85362,4.26338,3.59296,9.55253,6.97329,7.20716,3.11057,7.62717,3.72392,9.61949,8.65514,8.55527,1.93847,0.89022,11.62496,4.23443,11.17017,8.18373,7.15336,9.47955,7.69019,5.80345,-0.77865,6.47848,0.61715,3.88849,7.73261,2.71823,7.64482,8.07592,5.29176,4.87448,-0.62653,2.15439,5.58531
C29ZE03KM.01,4.07416,7.33657,-0.28246,5.76177,7.2657,2.62091,8.33055,6.09021,7.23468,2.49009,10.69797,12.26035,4.88963,11.3433,6.36357,3.40358,3.46465,8.77472,5.61497,7.56439,3.50075,8.49898,4.2236,9.74615,8.25583,9.36831,2.16979,1.66225,12.55474,4.70541,11.14861,8.21511,9.09078,9.92909,8.30994,6.00094,0.1778,6.82654,0.8641,4.05253,8.06387,2.91573,8.69838,8.97971,6.83275,5.83413,-0.46438,4.1779,6.47018
C29ZFFZYY.01,4.29953,7.1786,-0.19567,5.04905,6.44569,1.65041,9.59008,4.43795,7.47881,5.41307,10.59963,12.21516,5.08191,11.19679,6.55755,11.64813,3.88585,9.72348,11.72122,6.39171,3.9173,8.11898,4.33068,10.5339,8.93271,10.74259,2.31992,0.60247,11.47764,4.38613,13.17832,7.82269,8.69634,10.3804,7.48777,6.28837,0.59289,8.07188,0.31233,4.27029,7.96846,3.02047,8.22675,9.26341,5.4295,4.92055,0.11205,3.19009,5.8275
C29ZDAXNK.01,6.03796,7.69207,-0.43288,6.0106,7.68997,2.7834,8.24344,4.77768,7.39515,3.82976,9.32585,11.5691,5.59348,11.9031,5.84061,9.39483,4.83715,9.53948,13.00125,8.96565,4.6134,8.45303,5.51897,10.18998,8.44624,10.5541,2.22591,1.61211,12.44597,4.69756,11.23492,8.63697,9.69109,10.28201,7.93446,6.55401,-0.61547,7.61036,1.23569,4.50931,7.75127,3.37092,8.27908,9.80631,6.1972,5.54909,-0.07643,1.57866,6.39051
C29ZN972Z.01,5.27643,6.74253,1.11625,5.35563,6.81072,1.34035,7.32825,3.58569,7.09717,2.46142,8.97794,10.34116,4.42658,11.32709,6.00061,7.23221,4.85848,8.00045,10.74252,7.11822,3.463,7.88101,3.90766,10.13688,8.49516,10.60682,1.72502,0.90278,11.50045,4.52044,10.54077,8.05603,8.5813,10.14288,7.68109,5.84356,-0.71287,7.87742,0.40878,3.91947,7.40086,2.36561,7.72697,8.35193,4.82935,4.79261,0.19,2.98889,5.45872
C29Z068OX.01,5.79526,7.16221,-0.3269,5.45784,6.38595,2.26739,7.32736,4.2552,7.06438,2.79544,8.4833,10.3089,5.09597,12.69029,5.64936,2.38885,4.35979,8.34361,7.50459,6.36275,2.94047,8.82197,3.32193,9.93497,8.57637,9.68066,1.84518,1.21024,11.87443,4.59503,10.57017,8.89419,7.95407,9.48775,7.51973,6.29105,-0.40756,6.26797,0.266,3.97604,7.79243,2.46704,7.91463,8.93025,4.82541,5.54746,-0.25344,2.75129,4.75403
C29Z4OOA6.01,4.59751,6.61826,-0.47019,5.24523,6.38489,2.34885,7.90683,4.32393,7.00999,2.66652,8.46512,8.4374,2.70523,11.27114,5.92621,2.52268,3.66248,8.32991,5.90118,7.01142,3.28662,8.32888,3.32213,9.3726,7.76839,8.62639,1.92027,1.22056,11.32198,4.50987,10.26962,8.64718,7.9866,8.99073,7.82754,6.04949,0.5125,6.05438,0.62464,3.53268,7.38824,2.95826,8.03465,8.90936,5.55313,4.91226,-0.60663,3.3581,5.71532
C29ZXYZS3.01,5.01008,7.59773,-0.75246,6.59032,7.3314,3.38983,8.47486,6.07315,7.42285,3.77037,9.50773,12.10003,4.73284,11.61493,6.41971,3.14406,5.53367,9.72201,7.32676,8.7103,3.2342,8.71314,5.02465,10.24744,8.49943,10.17218,2.69211,1.82862,12.5682,4.95963,11.54099,8.46482,9.51909,10.22088,8.35725,6.06414,2.44144,7.58431,1.87295,4.62368,8.41728,3.39605,8.1557,9.79204,6.07924,6.19561,-0.21542,3.47924,6.73541
C29ZVUPPY.01,7.16996,7.42268,-0.1568,6.36368,8.06799,2.42835,8.24859,6.37516,7.55733,4.86101,9.79759,10.40913,5.25201,11.70879,6.67133,11.80575,4.28823,10.40816,12.67995,6.68386,4.01737,8.59789,5.63699,10.46159,8.76347,10.22912,3.05034,3.31992,12.04358,4.87462,13.1257,9.14921,9.98402,10.28578,8.52275,6.91322,2.71297,7.63542,0.98289,4.93309,7.88243,4.17701,8.53852,9.67808,5.25027,5.45468,0.29861,4.729,6.57924
C29Z73QRD.01,5.79902,7.79689,-0.42031,5.90896,7.14134,2.56733,8.51539,4.3926,7.60975,4.05187,9.59798,9.47079,5.55583,10.97414,7.03087,3.69302,5.219,8.7282,7.98335,7.94523,5.0099,8.92023,4.12059,8.84091,8.44054,8.16308,2.02539,1.85824,12.78995,5.00908,10.97401,8.40512,8.37154,8.38812,8.28066,5.90475,0.09385,5.41577,1.24583,4.46216,7.90715,3.53089,8.92262,8.88579,5.52789,6.82024,0.24414,3.55416,7.15947
C29Z5SNGM.01,6.45872,7.19755,-0.73819,5.34386,7.69398,3.22786,9.31543,5.64544,7.22213,4.22365,10.25916,10.43472,5.57179,11.37345,6.81177,4.11935,3.99921,11.35139,6.42108,9.04418,4.00451,8.35463,3.6904,10.32452,8.40819,10.98112,1.92453,1.72327,11.7933,4.26715,10.49621,8.99058,9.56793,10.59403,8.71131,6.48091,0.08175,8.42247,2.22126,4.42915,7.71951,3.1809,8.21431,9.50777,6.5354,5.28182,-0.34984,3.70046,7.75051
C29ZZ80Q2.01,4.9896,7.06116,-0.48062,6.78125,7.2155,1.66734,8.55545,5.70715,7.33828,3.40617,8.63745,12.04676,4.18045,11.48298,6.78899,4.66932,4.29118,8.88076,7.23808,7.55613,3.16059,8.09756,4.422,10.06893,8.6407,9.67607,3.31709,0.73587,11.50451,4.73343,11.59886,8.43054,8.23459,9.75023,7.95096,5.89342,2.29509,7.16396,1.11537,4.66328,7.76048,2.93706,7.65566,8.24426,5.45875,4.9455,-0.3274,2.58853,5.93329
C29ZE039U.01,4.28639,7.55228,-0.20354,5.92953,7.26983,2.72178,8.16112,6.04408,7.25777,2.76107,9.95961,11.02651,4.54523,11.68866,6.66321,1.55122,4.06579,8.61342,5.93061,7.32365,4.05828,8.74105,4.44913,9.73965,8.3122,9.55867,2.10258,1.84975,12.54067,4.72817,10.81093,8.54975,8.7301,9.95764,8.38965,6.33912,1.71003,7.06424,1.09205,4.12957,8.08996,3.16164,8.64062,9.51882,6.6918,5.9194,-0.5873,4.4539,6.52956
C29ZFFZF7.01,4.78074,7.24192,-0.63463,5.40469,6.33653,1.51704,8.06815,4.46969,7.13183,3.71156,8.60707,9.35184,4.10401,11.3649,6.08341,5.25217,4.17891,7.88187,7.59281,5.91316,3.90112,7.83491,3.76403,10.19614,8.68138,9.52011,2.02976,0.71995,11.50586,4.57263,10.84452,7.99648,7.99981,9.80783,7.48004,6.41931,0.14751,7.24994,0.20521,3.77445,7.76616,2.28271,8.05158,8.61935,5.268,5.63518,0.18626,2.37978,5.53612
C29ZDAXV0.01,5.57448,7.53033,-0.4124,5.69605,7.2255,2.55581,7.76001,5.54728,7.1957,3.50531,8.63418,10.34539,5.01746,11.83797,5.53718,2.50282,4.92301,9.05296,6.04638,9.03839,4.29108,8.22564,4.83829,9.39532,8.23264,9.50755,1.831,1.47777,12.3822,4.72667,10.57356,8.29928,9.11281,9.67193,7.75179,6.3754,-0.03499,6.02231,0.9045,4.05039,7.552,3.11309,8.01979,9.55443,5.79795,5.4877,0.02119,1.46301,6.17956
C29ZD50CS.01,6.00286,6.81582,-0.43573,5.18489,7.00429,1.14979,9.14727,3.8627,7.45278,5.48238,10.03122,11.56698,7.15327,11.55209,7.38532,7.36472,3.56383,9.90524,9.54449,4.49606,3.54324,8.77676,4.68137,10.25322,8.32119,11.5162,1.31272,1.4786,11.40706,4.17986,13.2984,8.53934,10.21048,10.70901,8.15054,6.21783,0.66926,8.28588,0.51222,4.06362,7.3619,2.65661,7.68301,8.81898,4.84722,5.01552,0.23745,1.63461,5.96747
C29Z4OOF4.01,6.60433,6.62493,-0.4544,5.19146,8.79317,2.62682,8.33209,4.63063,7.20702,2.71224,9.01786,7.68474,6.2,11.09783,6.47768,3.15427,3.6967,9.35874,6.07523,8.1805,3.58542,8.50396,3.6538,9.93563,7.84302,9.53652,1.84378,1.76898,11.45633,4.43646,10.47348,8.57352,8.62069,9.81202,8.67261,6.11654,0.59991,8.11693,1.84585,4.3019,7.46761,3.34791,7.92159,9.37511,5.42811,5.32326,-0.48003,3.99036,6.57389
C29ZXYZTP.01,5.14227,6.9698,-1.38102,4.99932,6.92019,4.93969,7.88031,6.32405,7.11019,5.09934,8.96502,10.54782,4.85618,11.26684,6.46817,3.23134,5.27334,11.24322,6.16036,7.91654,2.75163,8.36583,4.08507,10.20501,8.12577,9.63513,1.58074,1.64211,11.86979,4.65675,11.19731,8.47101,9.51959,10.09736,8.50286,5.9092,1.91687,7.3856,1.26547,3.62196,7.60003,2.22363,7.63147,9.07397,5.80139,5.7003,-0.74071,2.7384,6.76105
C29ZVUP0C.01,4.81768,6.90948,-0.48353,5.76585,6.79751,2.01489,7.19997,5.33249,6.93021,2.55359,8.46279,9.54047,4.1811,10.63569,5.56312,2.62099,3.96393,8.49189,6.61238,5.85653,3.25615,8.1383,3.58597,9.9081,8.21345,9.51966,2.26608,1.87952,11.56501,4.70341,10.24803,8.47764,7.93859,9.84238,7.57842,6.1646,1.34068,6.99356,0.38271,3.62274,7.16998,2.63289,7.55729,8.50457,4.3292,4.33163,-0.2548,3.38185,5.46771
C29ZHMY0I.01,9.29851,7.57475,-0.87152,5.0668,6.21957,1.45966,8.44055,5.1725,7.09618,5.01951,9.39383,11.1066,4.52331,11.32449,6.25113,5.88805,3.95326,10.98314,7.23797,8.0121,4.21078,8.52243,5.21517,10.31218,8.553,9.62643,2.86367,1.80488,12.60462,4.64283,11.39324,7.78858,8.66825,10.01193,9.05142,6.07379,-0.7578,7.16353,0.48941,4.31044,7.72444,2.97748,8.71992,9.62076,5.52462,5.50024,0.24506,5.57676,8.58556
C29Z5SNS7.01,6.99912,7.22133,-0.62155,6.45368,8.01398,2.2474,9.20824,5.22243,7.37277,3.4347,10.09946,11.88828,6.27414,11.61925,6.98753,7.46605,3.85809,11.24063,11.29382,7.52072,4.2496,8.26897,3.95946,10.17598,8.48691,10.96263,2.37917,1.76193,12.14353,4.53316,10.55115,8.49502,9.48704,10.60355,8.51098,6.93184,-0.61434,8.70235,1.98028,4.74623,7.84881,3.45343,8.31914,9.42174,6.78441,6.03398,-0.27293,3.88418,6.9095
C29ZZ80MY.01,4.63521,7.16823,-0.5159,5.25066,6.98951,1.82629,8.42691,6.18046,7.12293,3.13165,9.21388,10.09689,4.18787,11.81799,7.09093,4.97965,4.04682,9.15004,7.81849,7.50168,3.21536,8.07324,4.13958,9.24288,8.4682,8.13996,2.16874,0.87764,11.57238,4.54227,11.88432,8.61574,7.24961,8.82516,7.80659,5.92583,3.31233,6.05063,0.87067,4.11795,7.81196,3.00447,7.60195,8.34266,5.2308,5.11033,-0.23087,2.15031,5.67647
C29ZE03YB.01,4.13558,7.41931,-0.33355,5.99979,7.16967,2.59511,8.13693,5.64068,7.33761,2.80465,9.68779,10.54662,4.63609,11.5401,6.46192,2.11532,3.89412,8.46563,6.20351,7.10346,3.841,8.59837,4.37359,10.05662,8.26106,9.79646,2.2329,1.50003,12.49623,4.72318,10.94758,8.42895,8.98367,10.11536,8.26848,6.20907,-1.50919,7.17214,1.70975,3.95506,7.97081,2.9949,8.559,9.13467,6.66289,5.42593,-0.23761,4.41153,6.23853
C29ZFFZT4.01,5.22076,7.28802,-0.78955,7.46667,6.25598,1.80824,7.71181,4.94347,7.24123,4.86318,8.62237,9.02169,3.77082,10.71789,6.34311,11.29895,4.33259,7.26637,12.62,5.61032,3.9208,7.9527,4.00743,10.1646,8.62043,8.91936,4.03183,0.73665,11.55052,4.81431,12.20823,8.26815,8.75854,9.46759,7.63281,6.41284,-0.00795,6.42547,0.04904,4.89923,7.73961,2.68184,8.22,8.26028,5.24338,5.42076,-0.29965,2.10749,5.92077
C29ZDAXC4.01,5.97459,7.23909,-0.90735,5.88361,7.23203,2.22674,8.05969,4.50232,7.41395,3.11816,9.58879,11.70619,4.8419,11.38015,5.52227,1.25469,4.31767,9.1848,6.32087,7.63971,4.11526,8.36567,4.74674,10.34195,8.14622,11.48824,2.13844,0.95634,12.32635,4.6999,11.35473,8.39667,9.33114,10.76995,7.97851,6.38263,-1.83677,8.52087,1.22363,4.41419,7.30244,3.06776,8.09442,8.93835,5.79722,5.72213,-0.36278,1.45189,6.20586
C29ZD50KT.01,5.99993,6.98053,-0.69429,5.59823,7.18338,1.90462,9.13253,4.46086,7.25183,3.86446,10.01715,10.26798,7.50448,11.28447,7.36422,11.48489,4.52295,8.94909,12.71801,6.48384,3.84797,8.31106,5.08616,10.40597,8.26848,11.4885,1.60277,1.65544,11.81078,4.39904,13.23228,8.56794,11.36216,10.7665,8.28225,6.64466,0.23954,8.80371,0.76936,4.05714,7.5983,3.11121,7.77135,8.60718,5.34458,5.43422,0.40374,1.93511,5.41509
C29Z4OOJB.01,5.49309,6.6997,-0.3479,5.33868,7.00802,2.42129,8.69136,5.8136,7.23484,3.63909,9.51334,10.11492,4.2133,11.35919,6.67951,11.78714,4.2679,8.86041,12.52343,8.69304,3.4594,8.54395,4.07488,9.8924,7.64869,9.40569,2.03698,2.0679,11.57246,4.36666,12.27589,8.87151,9.70624,9.50684,7.76853,6.00218,0.68596,6.44212,0.78711,3.80696,7.28966,3.30603,7.95345,9.37568,5.34879,5.31091,-0.42739,3.51857,5.98147
C29ZV88EM.01,4.59249,7.18296,-0.6119,5.73984,6.85065,1.99852,8.14593,5.27233,7.09961,2.51457,8.64145,11.59844,5.7086,12.01861,6.49531,8.93997,3.91463,9.15792,9.92869,7.33942,3.55948,8.02332,3.806,9.22439,8.16005,8.88909,1.61119,1.17546,12.10813,4.07878,11.20814,7.99852,8.08153,8.91215,7.56364,5.58608,-0.25103,4.96365,0.61005,3.50074,7.27741,2.69676,8.02053,8.83872,5.60671,5.10389,-0.33729,4.15584,5.88063
C29ZVUPPK.01,4.73351,7.24913,-0.746,7.95447,6.60758,1.75635,7.13409,5.83298,6.78197,2.64347,8.09756,9.80713,3.64337,10.10482,5.59495,1.03531,4.25055,7.97862,5.6072,6.16964,3.25525,7.80144,4.10748,9.79744,8.05656,9.12817,3.73413,1.61221,11.75745,4.73743,10.71322,8.36717,7.47841,9.4455,7.82787,6.26246,1.91043,6.25712,0.38888,4.64937,7.15328,2.81881,7.86001,8.59009,4.72713,4.91147,-0.49911,3.30122,5.74443
C29ZHMYCQ.01,8.3816,7.61772,-0.16593,5.1274,6.71089,1.81264,8.43125,5.43693,7.19999,4.41791,8.98483,11.60978,4.79121,10.9214,6.1509,6.73004,4.08719,10.59965,8.12445,7.39242,4.34365,8.82378,4.94572,10.45434,8.52025,9.84892,2.70488,1.92352,12.74047,4.64405,13.00301,8.12732,9.92526,9.97024,9.1459,6.18863,1.00171,7.47083,0.88988,4.43739,7.93909,3.0784,8.4551,9.63354,5.35236,5.60406,0.3593,5.1585,7.98553
C29Z5SNZH.01,5.87392,6.81609,-1.01818,5.59746,7.20695,1.659,8.7235,4.57609,7.14443,2.2735,9.31677,11.06701,5.83665,10.83574,6.11981,5.52408,3.61333,9.49145,8.68335,6.89304,3.7347,8.02115,3.11424,10.37142,8.00267,10.97292,1.5055,1.04284,12.04693,4.00884,10.08824,8.01996,9.19632,10.5145,7.84612,6.09504,-0.58334,8.26998,0.85022,3.85428,7.35557,2.68879,7.51226,8.74429,5.98086,4.55802,-0.54617,2.85151,5.82522
C29ZZ80Y4.01,5.30002,7.0605,-0.73431,5.16395,6.84944,1.58683,8.81881,5.76452,7.19963,2.9512,9.24521,11.91373,4.56416,11.99998,6.41142,8.7764,4.26576,9.03873,8.04216,7.65219,3.27667,7.96187,4.24414,10.23705,8.42927,10.02758,1.83697,0.67359,11.43709,4.38637,11.92093,8.10813,7.66455,9.87819,7.80544,5.6411,1.83679,7.15139,0.62176,3.72021,7.72042,2.89636,7.71189,8.03016,4.87339,5.49917,-0.33603,1.53814,5.59883
C29ZS2ML8.01,3.84928,6.65735,-0.9065,7.53391,6.53191,1.88885,7.98132,4.21715,6.90334,2.78079,8.80026,12.24449,3.68496,9.60431,5.60795,6.83156,4.14795,7.97077,8.96137,7.47665,3.2965,7.17525,3.84446,10.14143,8.043,9.07856,3.44688,-0.04253,10.95107,4.39654,11.52745,7.93086,7.84437,9.42403,7.74788,6.2742,-0.8223,6.16559,0.00609,4.24748,7.30005,2.40117,7.48199,7.93368,5.15088,4.34216,-0.2814,3.41778,5.1847
C29ZFFZ0Q.01,4.23022,7.15178,-0.7584,5.27098,5.86413,1.75577,7.87823,5.17969,6.69773,2.4283,7.83666,9.37868,3.28762,11.36578,5.88898,0.7235,3.60838,7.55698,5.2876,5.86352,3.94003,7.59132,3.11025,10.2592,8.34053,9.87072,1.86228,0.54239,11.36751,4.33915,10.18754,8.19036,8.15014,10.26858,7.67268,6.38253,-0.44655,8.11759,-0.01725,3.54755,7.462,2.09309,7.78457,8.3865,4.83681,5.0803,0.21033,1.56641,5.35574
C29ZQOG4N.01,4.9038,7.12533,-0.21731,7.99492,7.40235,2.44503,8.50678,4.36022,7.01314,3.31657,8.79263,11.65407,5.32826,10.31498,6.05481,9.20046,5.67411,8.71554,11.84887,6.67329,3.1358,7.56307,5.02993,10.27589,8.24013,9.90859,3.98343,1.314,11.90699,4.60394,11.63673,8.26963,8.17975,10.15491,8.44027,6.60235,0.72883,7.0991,0.50919,4.69754,7.45732,2.76376,7.78078,8.67965,5.78923,5.00577,-0.19327,3.9493,5.66616
C29ZPXKPU.01,4.79012,6.98782,-0.51452,6.32338,6.48741,1.74367,8.55888,4.77657,7.15677,2.04269,9.03534,11.18052,3.38163,11.01115,5.84965,8.47541,3.31914,8.23345,12.72488,7.17819,4.19267,7.71866,3.41871,10.22731,8.20937,9.76002,2.13011,1.0425,11.75358,4.3006,10.88516,8.45576,8.95367,9.91994,7.24481,6.28569,0.81928,8.26728,-0.01621,3.40915,7.38531,2.35985,8.2449,8.41148,4.85808,4.77265,-0.2728,2.53294,5.9856
